Cultivo,ID_POLIGON,área_ha,Municipio,Estado,CONJUNTO,geometry
Cebada,AGC_196,8.57,Emiliano Zapata,Hidalgo,ENTRENAMIENTO,"POLYGON Z ((-98.577391 19.658024 0, -98.577507 19.656038 0, -98.577443 19.655521 0, -98.579993 19.65494 0, -98.580992 19.654946 0, -98.580794 19.656642 0, -98.577391 19.658024 0))"
Cebada,AGC_044,0.68,Emiliano Zapata,Hidalgo,ENTRENAMIENTO,"POLYGON Z ((-98.586554 19.629433 0, -98.586202 19.63014 0, -98.58557 19.629865 0, -98.587004 19.628597 0, -98.586554 19.629433 0))"
Cebada,AGC_020,8.34,Emiliano Zapata,Hidalgo,ENTRENAMIENTO,"POLYGON Z ((-98.584938 19.627802 0, -98.586565 19.625947 0, -98.587973 19.62675 0, -98.587097 19.628421 0, -98.585562 19.629825 0, -98.584216 19.629167 0, -98.584938 19.627802 0))"
CEBADA,AGC_174,6.89,Cuautepec de Hinojosa,Hidalgo,PREDICCION,"POLYGON Z ((-98.3060387099906 19.8999999535217 0, -98.3048626131628 19.8994031336218 0, -98.3038332264922 19.8988812651172 0, -98.3019969065581 19.897950300411 0, -98.3018908541506 19.8978900286651 0, -98.301901551289 19.8978273579858 0, -98.3019226895459 19.8978031332115 0, -98.3020035082771 19.8977868493363 0, -98.3022031139332 19.897695029298 0, -98.3023811797855 19.8976167132328 0, -98.3024094120382 19.8976002257685 0, -98.3025176015378 19.8975370456274 0, -98.303094362171 19.897356917426 0, -98.3035575631759 19.8971996353554 0, -98.3039527545273 19.8970821059705 0, -98.3040988834745 19.8970267981435 0, -98.304271664538 19.8969585268184 0, -98.3045721941196 19.8968816142666 0, -98.3048911041303 19.8967442081859 0, -98.3049664655962 19.8967692702125 0, -98.3049915321858 19.8967849831804 0, -98.3050000904356 19.8967903478214 0, -98.3050326372966 19.8968107505185 0, -98.3051153523713 19.8970423531286 0, -98.3054729195837 19.8981487255064 0, -98.3059970649924 19.8998230683006 0, -98.3060387099906 19.8999999535217 0))"
CEBADA,AGC_083,2.87,Cuautepec de Hinojosa,Hidalgo,ENTRENAMIENTO,"POLYGON Z ((-98.2938319509557 19.8882011777195 0, -98.2937804029298 19.8882218670448 0, -98.293753236079 19.888233012518 0, -98.2936521630331 19.8882744781656 0, -98.293261155136 19.8885044308204 0, -98.2930561029943 19.888638546203 0, -98.2926397931489 19.888910836421 0, -98.2920025255914 19.8892514270353 0, -98.2919246865721 19.8892930284181 0, -98.2919195859379 19.8892996747718 0, -98.2918923822561 19.8893351180451 0, -98.2918892031183 19.8893499430927 0, -98.2918862395762 19.889363759529 0, -98.2918848561707 19.8893702073677 0, -98.2918593458133 19.8893347167973 0, -98.2918587834679 19.8893350437087 0, -98.2918014754443 19.8892616753302 0, -98.2914478509378 19.8887872407545 0, -98.2913388843955 19.8886775577875 0, -98.2913259118245 19.8886531601319 0, -98.2912989812306 19.8886025106139 0, -98.291415621182 19.8884827253138 0, -98.2916427628966 19.8883210857195 0, -98.2921338808455 19.8879588407447 0, -98.2925405868022 19.8876499935686 0, -98.292948828878 19.8873454759414 0, -98.2931406712935 19.8872213595361 0, -98.2931694164843 19.8872329435016 0, -98.2931836440017 19.887238677619 0, -98.2932451175132 19.8873238682662 0, -98.2933877645905 19.8875215481005 0, -98.2938319509557 19.8882011777195 0))"
CEBADA,AGC_149,8.99,Cuautepec de Hinojosa,Hidalgo,PREDICCION,"POLYGON Z ((-98.2778161355685 19.9298924963569 0, -98.2776484816971 19.930093320193 0, -98.2775330021286 19.9301977962865 0, -98.2773203978295 19.9304433695089 0, -98.2771357106939 19.9306350204638 0, -98.2769792153473 19.9307983432301 0, -98.2767879992597 19.9309728551542 0, -98.2766581468403 19.9310710597711 0, -98.2766402822261 19.9312191464155 0, -98.2765991211023 19.9312031825767 0, -98.276500582986 19.9312588510236 0, -98.2766382503738 19.9313264361009 0, -98.2770041838468 19.9310129410592 0, -98.2772204966478 19.9308724260751 0, -98.2772657880535 19.9307312881036 0, -98.277545357779 19.9305102742994 0, -98.2777324897802 19.9303281279556 0, -98.2777958505273 19.9303210502086 0, -98.2778410210328 19.9302159189321 0, -98.277979421479 19.9301772301399 0, -98.2780961832528 19.9306029302349 0, -98.2781470545036 19.9307230629673 0, -98.2781924603974 19.9307364003884 0, -98.2782260211677 19.9308470179736 0, -98.2781030276416 19.9309203130374 0, -98.2781302147542 19.9310139216753 0, -98.2781021049707 19.9311540590305 0, -98.2778883828463 19.9312019073211 0, -98.2776847547236 19.9312510272883 0, -98.2775456543026 19.9313069795711 0, -98.2774039248451 19.931355745713 0, -98.2771411628137 19.9314276055222 0, -98.2768493070888 19.9314909346982 0, -98.2767394427032 19.9314970295752 0, -98.2767255459867 19.9315577884517 0, -98.2773624019044 19.9313989996125 0, -98.2778825596365 19.9312589889421 0, -98.278131916859 19.9311896116662 0, -98.2782243814681 19.9312865369521 0, -98.2780104581582 19.9314523848275 0, -98.2778656175114 19.9316390189308 0, -98.2771360710298 19.9321979801708 0, -98.2754142258414 19.9335049059595 0, -98.2750492813242 19.933783265766 0, -98.2747027085767 19.934018494612 0, -98.274470283025 19.9342115754684 0, -98.2740750587997 19.9347688847166 0, -98.2738189955457 19.9351188730302 0, -98.2736316833703 19.9352960505497 0, -98.2736541387782 19.9352594903027 0, -98.2736967147153 19.9351139243922 0, -98.2738145610574 19.9348774920299 0, -98.2738457973573 19.9347601516599 0, -98.2739370809123 19.9345143514352 0, -98.2740675366482 19.9342722226101 0, -98.2741348123324 19.934054417908 0, -98.2745163733771 19.9334824333254 0, -98.2746431833038 19.933257815541 0, -98.2748450815133 19.9328775209084 0, -98.2751083641208 19.9324769235208 0, -98.2752469629189 19.9322647218785 0, -98.2755347264155 19.9318439428828 0, -98.2756666223193 19.9315465261461 0, -98.275762857365 19.9313829241782 0, -98.2758146850917 19.9312265317535 0, -98.275838999855 19.9310820752276 0, -98.2757874152571 19.9309044804185 0, -98.2759056384364 19.9308948702835 0, -98.2760089218233 19.9309074837179 0, -98.2761303457535 19.93098158962 0, -98.276241067168 19.9309933899785 0, -98.2764335382629 19.9311107093065 0, -98.2765439665522 19.9310832637638 0, -98.2765263894772 19.9309607978754 0, -98.2764455773847 19.9307554537364 0, -98.2763899702001 19.9306714408237 0, -98.2763189949357 19.9306403715085 0, -98.2763456857298 19.9307378119907 0, -98.2764755334432 19.9310672571879 0, -98.2763447140379 19.9310260487868 0, -98.276222893455 19.9309317120093 0, -98.2762019046369 19.9308056715582 0, -98.2760661341099 19.9304726382717 0, -98.2759796085826 19.9301603905908 0, -98.275882815729 19.9297160549826 0, -98.2760132652033 19.9294343495511 0, -98.2761367344298 19.9293664809829 0, -98.2763495990303 19.929451706155 0, -98.2763540809989 19.9294543661464 0, -98.2769202749359 19.9294850177211 0, -98.2776734564384 19.9292798502191 0, -98.2778161355685 19.9298924963569 0))"
CEBADA,AGC_052,6.23,Cuautepec de Hinojosa,Hidalgo,PREDICCION,"POLYGON Z ((-98.2775940045669 19.9281409248539 0, -98.2772828389927 19.9271088331792 0, -98.2778852343311 19.9270299960529 0, -98.278715391266 19.9276933485725 0, -98.2788973707261 19.9278897573743 0, -98.279429361747 19.9283972708898 0, -98.2795974236726 19.9287289482116 0, -98.2796878928989 19.9288008127756 0, -98.2800156761508 19.9288597984238 0, -98.2806456783233 19.9294184768363 0, -98.2794908561129 19.9301345512781 0, -98.2785180902719 19.9305990438721 0, -98.2784022426717 19.930456145127 0, -98.2782037317759 19.9305186567036 0, -98.2780686148205 19.9300577947323 0, -98.2782644081859 19.9297642056977 0, -98.2786624033026 19.9295701839689 0, -98.2787779935896 19.9294417720076 0, -98.2790006596598 19.9293209505728 0, -98.2791695776763 19.9292016787391 0, -98.2794511969797 19.9291496059647 0, -98.2795458022549 19.9290191016854 0, -98.2796095759455 19.9289268649752 0, -98.2794848302706 19.9289396145947 0, -98.2793413392054 19.9289288918854 0, -98.2791603352122 19.9290082593541 0, -98.278952292358 19.9291293217795 0, -98.2787185349662 19.9293183422486 0, -98.2783525355843 19.9295645525731 0, -98.2782003517336 19.9296335182559 0, -98.2779988648683 19.9298022578931 0, -98.2778987649064 19.9296248433002 0, -98.2778823697325 19.9292220587 0, -98.2778801353597 19.9289837248682 0, -98.2778442034559 19.9286212255426 0, -98.2776950940328 19.9283180678358 0, -98.2775940045669 19.9281409248539 0))"
CEBADA,AGC_009,0.38,Cuautepec de Hinojosa,Hidalgo,ENTRENAMIENTO,"POLYGON Z ((-98.2767727675819 19.92770338451 0, -98.2765207963492 19.9274864482318 0, -98.2764733077162 19.9273085798342 0, -98.2766382240334 19.9272462242724 0, -98.2768350450282 19.9271558638161 0, -98.2769824705417 19.9271786872951 0, -98.2772869309089 19.9281001033393 0, -98.2772348616351 19.9281108242211 0, -98.2771009530783 19.9279207158072 0, -98.2767727675819 19.92770338451 0))"
CEBADA,AGC_119,0.64,Cuautepec de Hinojosa,Hidalgo,ENTRENAMIENTO,"POLYGON Z ((-98.27612117191 19.9268481845525 0, -98.276199047347 19.9264906005302 0, -98.2771019420544 19.9266356892469 0, -98.2773577418521 19.9266185835986 0, -98.27774664453 19.9269199365247 0, -98.277622362009 19.9269513957569 0, -98.277423991752 19.9269631779299 0, -98.2770283895201 19.9269113771688 0, -98.2768989908509 19.9269695495786 0, -98.2768044386164 19.927031098522 0, -98.2766981467695 19.9269855516324 0, -98.2766195343133 19.9269977714307 0, -98.2766199475764 19.927092820616 0, -98.2764823690093 19.9270462545688 0, -98.2762984140384 19.9269599963421 0, -98.2761860044201 19.9269402343728 0, -98.27612117191 19.9268481845525 0))"
CEBADA,AGC_064,2.45,Cuautepec de Hinojosa,Hidalgo,ENTRENAMIENTO,"POLYGON Z ((-98.2761690414214 19.9308925468319 0, -98.2749515701581 19.930823028469 0, -98.2760065296172 19.927173020488 0, -98.2763915302623 19.9272597386018 0, -98.2763968291039 19.9275517496242 0, -98.2761935264359 19.9277115066225 0, -98.2758925602047 19.9289887645872 0, -98.2759674775062 19.9291602329408 0, -98.2761230768916 19.9292617795628 0, -98.2761957011416 19.929338894187 0, -98.2760185826572 19.9293804829774 0, -98.2758268722131 19.9297030600852 0, -98.2758122706365 19.9298734875682 0, -98.2761690414214 19.9308925468319 0))"
CEBADA,AGC_130,12.1,Cuautepec de Hinojosa,Hidalgo,PREDICCION,"POLYGON Z ((-98.2736904913869 19.9348992332389 0, -98.2732833200469 19.9357368236734 0, -98.2731770608756 19.9355258187074 0, -98.2730680491872 19.9354537846658 0, -98.2721525392672 19.9340289853201 0, -98.2717839289396 19.9335311265388 0, -98.2712217850905 19.9327665820455 0, -98.2717836958493 19.9322352452266 0, -98.2720753326671 19.9320044256457 0, -98.2730079102239 19.9315303002545 0, -98.27346495981 19.9312382680564 0, -98.2739052334093 19.9309730722924 0, -98.2745030205607 19.930906108093 0, -98.2751716879854 19.9309535956943 0, -98.2757558748873 19.9309327611656 0, -98.2757460296845 19.9311705703111 0, -98.2756068633565 19.9314812894463 0, -98.275409004707 19.931881001403 0, -98.2749974347091 19.932452104891 0, -98.2744171066397 19.933413276098 0, -98.2740496058352 19.9340442439903 0, -98.2736904913869 19.9348992332389 0))"
CEBADA,AGC_035,23.8,Cuautepec de Hinojosa,Hidalgo,ENTRENAMIENTO,"POLYGON Z ((-98.365038862194 19.8669043455703 0, -98.3650236609027 19.8669960795386 0, -98.3628927384712 19.8734224289706 0, -98.362878594497 19.873470131552 0, -98.3628356262804 19.8735722977354 0, -98.3628007653591 19.8736569288595 0, -98.362797468542 19.8736659345945 0, -98.3627887351208 19.8736897921864 0, -98.3624091870318 19.8735722977354 0, -98.3600883957835 19.8729301322544 0, -98.3600693946186 19.8728836713957 0, -98.3600763376974 19.8728662605032 0, -98.3600997972011 19.8728074272342 0, -98.3609611881338 19.8702436939475 0, -98.3623228238987 19.8660462121942 0, -98.3623292800907 19.8660263099144 0, -98.3625164485717 19.8661061200946 0, -98.362628233129 19.8661537860141 0, -98.3630791972831 19.8662931761559 0, -98.363175939551 19.8663101695671 0, -98.363404752132 19.8663503618414 0, -98.3645435625873 19.866701813373 0, -98.364964124159 19.8668066536512 0, -98.365038862194 19.8669043455703 0))"
CEBADA,AGC_047,64.3,Tepeapulco,Hidalgo,ENTRENAMIENTO,"POLYGON Z ((-98.3985615200269 19.8392910348794 0, -98.3985177765641 19.8393465833945 0, -98.3982684383772 19.8394268210432 0, -98.3978725589164 19.8395975815237 0, -98.3977960071828 19.8396593026329 0, -98.3979709819322 19.8404699017169 0, -98.3980300353823 19.8405933423883 0, -98.3979403610591 19.840675636116 0, -98.396614930095 19.8411385394405 0, -98.3934522683052 19.8421651502841 0, -98.392054660403 19.8426465644878 0, -98.3915931661971 19.8427864619904 0, -98.3915797274005 19.8427879550702 0, -98.3913180427683 19.8428170282977 0, -98.3913153936365 19.8428173223507 0, -98.3912300941087 19.8427082844119 0, -98.3910748041422 19.8423544239203 0, -98.3891157330178 19.8372793751266 0, -98.3885803910073 19.8359332432389 0, -98.3886995273769 19.8359025150533 0, -98.3892244498284 19.8357914147494 0, -98.3909698198316 19.8355074920545 0, -98.3932969792369 19.8351577307682 0, -98.395641372821 19.8347418406128 0, -98.3959412789719 19.8346886379616 0, -98.3961224997074 19.8346646807073 0, -98.3971551643305 19.8345281586812 0, -98.397192530653 19.8345889953306 0, -98.3972120303829 19.8346207428687 0, -98.3973148281941 19.834951988376 0, -98.3978375641462 19.8367337068286 0, -98.3982225075168 19.8380442656611 0, -98.3985615200269 19.8392910348794 0))"
CEBADA,AGC_084,12.42,Almoloya,Hidalgo,ENTRENAMIENTO,"POLYGON Z ((-98.2894555555555 19.8011666666667 0, -98.2891555555556 19.8013944444444 0, -98.2862472222222 19.80035 0, -98.2859888888889 19.799975 0, -98.2860527777778 19.7994083333333 0, -98.2855972222222 19.797775 0, -98.2860472222222 19.7964 0, -98.2871472222222 19.7952388888889 0, -98.2874138888889 19.7955166666667 0, -98.2864805555556 19.7967416666667 0, -98.2868138888889 19.7974888888889 0, -98.2873583333333 19.7973722222222 0, -98.2873527777778 19.7978694444444 0, -98.2877972222222 19.7978638888889 0, -98.2882194444444 19.7979861111111 0, -98.28855 19.7982916666667 0, -98.2887555555556 19.7991888888889 0, -98.2889111111111 19.79925 0, -98.2889805555556 19.8002916666667 0, -98.2894555555555 19.8011666666667 0))"
CEBADA,AGC_151,9.32,Almoloya,Hidalgo,ENTRENAMIENTO,"POLYGON Z ((-98.2790719951689 19.7759560878319 0, -98.2794353240935 19.7756720306095 0, -98.2796623073532 19.7753257646717 0, -98.2802425375167 19.7745800347838 0, -98.2808909137144 19.7738748761141 0, -98.2816274298188 19.7732379626222 0, -98.2818994461132 19.7730955158294 0, -98.2821313571826 19.7728560632338 0, -98.2823521515467 19.7727428118235 0, -98.2825812993482 19.7723342554999 0, -98.2827440452126 19.7717711267916 0, -98.2827388376147 19.7715861300095 0, -98.2827217865075 19.7713904724664 0, -98.2829566518361 19.7710912134196 0, -98.2830895758511 19.7710447892488 0, -98.2833071817401 19.7709472001163 0, -98.2835174076144 19.7706768616397 0, -98.2838160190373 19.7701071871353 0, -98.284191010943 19.7699463785943 0, -98.2844301815066 19.7699822027763 0, -98.2845347958807 19.7700949861074 0, -98.2842146413329 19.7722452357722 0, -98.2837388779569 19.7726228721909 0, -98.2834614881321 19.7730167347126 0, -98.2832547733894 19.7733804537776 0, -98.2830088986832 19.7736245655128 0, -98.2827131544898 19.7739229783231 0, -98.2825952397675 19.7740943145703 0, -98.2821490030978 19.7744924865774 0, -98.2819585027871 19.7746471899459 0, -98.2813712623144 19.7748654587362 0, -98.2808515701507 19.7749479398938 0, -98.2804906456667 19.7752129804494 0, -98.280017931683 19.7757339900233 0, -98.2798366890874 19.7759828329241 0, -98.2792803438718 19.7760260029703 0, -98.2790719951689 19.7759560878319 0))"
CEBADA,AGC_137,24.81,Almoloya,Hidalgo,ENTRENAMIENTO,"POLYGON Z ((-98.2847765600069 19.7698970350274 0, -98.2836044414416 19.7688775479365 0, -98.2833222937177 19.7674917984161 0, -98.2822106724438 19.7653297411984 0, -98.2819376500825 19.7644599488298 0, -98.2822555949037 19.7638871800892 0, -98.2825632041618 19.7628666724071 0, -98.2814069893602 19.7589048042085 0, -98.2813304810263 19.7579356923947 0, -98.2800880235119 19.7562814763962 0, -98.2802217458261 19.7560033156949 0, -98.2805702552984 19.7563585983177 0, -98.2814825469623 19.7573076075 0, -98.2823166297199 19.7586141670317 0, -98.2845282824964 19.7627479292434 0, -98.2850370301746 19.7668900221235 0, -98.2847765600069 19.7698970350274 0))"
CEBADA,AGC_152,2.63,Almoloya,Hidalgo,ENTRENAMIENTO,"POLYGON Z ((-98.2757322097895 19.7777798713237 0, -98.2752963229271 19.777118767668 0, -98.2754777791691 19.7768960345176 0, -98.2757188739524 19.7768001735367 0, -98.2761598166223 19.777022715429 0, -98.2764078926258 19.7770597646191 0, -98.2765394984451 19.7772801698312 0, -98.276827972052 19.7770877826407 0, -98.277462378095 19.7770798963501 0, -98.277811607952 19.7764824065283 0, -98.2778283041047 19.7762102490741 0, -98.2779172120757 19.7760206438727 0, -98.2780725378284 19.7757662726187 0, -98.2779878161365 19.7755397369463 0, -98.2787663211055 19.7762136075292 0, -98.2772454384815 19.7776973310674 0, -98.2770560003807 19.7776929471236 0, -98.2757322097895 19.7777798713237 0))"
CEBADA,AGC_051,11.12,Almoloya,Hidalgo,ENTRENAMIENTO,"POLYGON Z ((-98.349197859981 19.7477535002497 0, -98.349226944735 19.747758062485 0, -98.3492593325942 19.7477804771277 0, -98.3492650485744 19.7478853772078 0, -98.3492155127747 19.7480566231368 0, -98.3491858953197 19.7482415580835 0, -98.3491764567211 19.748300491558 0, -98.3491412104226 19.7484609791422 0, -98.3491050110116 19.7484914621096 0, -98.3490259421986 19.7484730061083 0, -98.3489859357274 19.7484636686171 0, -98.3488582878205 19.7484502195513 0, -98.3487820792433 19.7485076006462 0, -98.3486496675705 19.7485434633972 0, -98.3484496217398 19.7485515326631 0, -98.3483646905213 19.7486277670827 0, -98.3483540850111 19.748637287188 0, -98.3483467403853 19.748643880241 0, -98.348289584177 19.748732640396 0, -98.3483143516277 19.7489289902102 0, -98.3483524563654 19.7490948560909 0, -98.3484458110864 19.7492356170572 0, -98.3484762945173 19.7493781719996 0, -98.3485344029397 19.7495843826402 0, -98.3485887016071 19.7500470115174 0, -98.3486163265987 19.7502810144746 0, -98.3486572888773 19.7505455013546 0, -98.3486429993761 19.7507687449916 0, -98.3486153743845 19.7509552299197 0, -98.348636616846 19.7511079754301 0, -98.3486391887227 19.7511264725545 0, -98.348662051745 19.7513048879383 0, -98.3486544304381 19.7514411651444 0, -98.3486239470073 19.7515846143088 0, -98.3483581714473 19.7530666160618 0, -98.3483457872728 19.7532190289778 0, -98.3482991099123 19.7534028216506 0, -98.3482269787883 19.7537697240807 0, -98.3482013732094 19.7539676808188 0, -98.3481794255704 19.7541248984173 0, -98.348159306003 19.7541730967229 0, -98.3481513702857 19.7541866171697 0, -98.3481255365348 19.7542306270955 0, -98.348111142829 19.7542551485365 0, -98.3479008085934 19.7542356397707 0, -98.3478770517474 19.7542315680818 0, -98.3476965703254 19.7542006389676 0, -98.3475636636808 19.7542276063012 0, -98.3474770912402 19.754223016351 0, -98.3473962716107 19.7541946345777 0, -98.3473953957533 19.7541943268337 0, -98.3473942162654 19.754189274421 0, -98.3473655222786 19.754066372065 0, -98.3473575964428 19.7539917804199 0, -98.3472865927044 19.7539086082468 0, -98.3472728529722 19.7538925150654 0, -98.3472124960665 19.7538649727676 0, -98.3470942211813 19.7538557920005 0, -98.3470497159472 19.7538500547606 0, -98.3470453097107 19.7538495009893 0, -98.3470384187341 19.7538417693269 0, -98.3470136674531 19.7538139945208 0, -98.3470064297269 19.7538058722576 0, -98.3470149646204 19.7537089021928 0, -98.3470456340025 19.7536648185687 0, -98.347048496035 19.753660703747 0, -98.3470625187366 19.7535975872561 0, -98.3470604283569 19.7535957771397 0, -98.3470167935903 19.7535579954982 0, -98.3470051990349 19.7535616334865 0, -98.3469692403724 19.7535729143778 0, -98.3468156042043 19.7536417689715 0, -98.3467180579443 19.7536756226171 0, -98.3466552621126 19.7536802125831 0, -98.3466264827859 19.7536443628228 0, -98.3466138048623 19.7536285722872 0, -98.3466144148184 19.7535861110667 0, -98.3468135883848 19.7523246949312 0, -98.3468710841563 19.7519605580677 0, -98.3470055960903 19.750970439038 0, -98.347447222257 19.7478555552933 0, -98.349197859981 19.7477535002497 0))"
CEBADA,AGC_107,2.63,Almoloya,Hidalgo,PREDICCION,"POLYGON Z ((-98.267818598942 19.804731766525 0, -98.2678035359913 19.8047900325468 0, -98.2676696349117 19.8049144373918 0, -98.2673784019949 19.8051270291261 0, -98.2672679343678 19.8053175740751 0, -98.2671959631438 19.8053285977487 0, -98.2670118498331 19.8052703319242 0, -98.2660645053991 19.8052073415227 0, -98.265401698738 19.8051695476079 0, -98.2645681690539 19.8051034080242 0, -98.2640961699491 19.8050656140847 0, -98.2639806448069 19.805045852069 0, -98.2639488794802 19.8050404184018 0, -98.2638926099091 19.8050201027895 0, -98.2636555552854 19.8048333329119 0, -98.2636173912589 19.8045852684493 0, -98.2636490074653 19.8045231905748 0, -98.2637189359203 19.8044683635084 0, -98.2639856223719 19.8044915840876 0, -98.2644164597721 19.8045278669753 0, -98.2648460116831 19.8045359291808 0, -98.2676261178244 19.8047128690897 0, -98.2677979314022 19.804729737242 0, -98.267818598942 19.804731766525 0))"
CEBADA,AGC_065,60.88,Almoloya,Hidalgo,PREDICCION,"POLYGON Z ((-98.3420126343564 19.7744617108017 0, -98.3370135758983 19.7642913550372 0, -98.338336585827 19.7636469147954 0, -98.3383667078603 19.7635791637497 0, -98.3388964425433 19.7632878570865 0, -98.3391376562943 19.7637907030696 0, -98.3389821530935 19.7632480080206 0, -98.3393136142116 19.7630122413519 0, -98.3398716644059 19.7626986172735 0, -98.3407683879473 19.7621611473644 0, -98.3419473854605 19.7614490687375 0, -98.3423545103595 19.7617086706256 0, -98.3423941679445 19.7620068452251 0, -98.3425270811912 19.7622449106204 0, -98.3425718682916 19.7623997308119 0, -98.3427089288733 19.762489925176 0, -98.342817633112 19.7626501330537 0, -98.3428543843206 19.7627808153954 0, -98.3427984302314 19.7628768757513 0, -98.3429261306645 19.7629987077613 0, -98.3431193323422 19.7632737109858 0, -98.343420006461 19.7636342221325 0, -98.3436770535883 19.7639460428868 0, -98.343899800943 19.7641767395258 0, -98.3439847214384 19.7643490551079 0, -98.3439872739011 19.7644128706399 0, -98.3440168756379 19.7644613213 0, -98.3440463482782 19.7645512802085 0, -98.3440357666121 19.7646489908308 0, -98.3439937134322 19.7648281503531 0, -98.3439804998246 19.7648857492864 0, -98.3439577944539 19.7650101521871 0, -98.3439475004379 19.7650618567619 0, -98.3439502778065 19.7651422822163 0, -98.3439940559853 19.7651762909958 0, -98.3440456744241 19.7652149927431 0, -98.3440640282424 19.7652898999893 0, -98.3441803351885 19.7653576515584 0, -98.3442261063494 19.7654082302297 0, -98.3442605391396 19.7655577529847 0, -98.3442486438845 19.765654086 0, -98.3442681663174 19.765829547735 0, -98.3443312558347 19.766332359449 0, -98.3443620802341 19.7666200389211 0, -98.3443342103809 19.7667247587158 0, -98.3442741944179 19.7667411461112 0, -98.3441706513206 19.7667649575762 0, -98.3441070291988 19.7667438764483 0, -98.3441122340438 19.7668033570728 0, -98.3440951906086 19.766828388267 0, -98.3441687994209 19.7669159108379 0, -98.3443186729778 19.7670026189793 0, -98.3443568305657 19.7670425170164 0, -98.344362864331 19.7670916073818 0, -98.3443213605747 19.7673708948023 0, -98.3442683857511 19.7676710479405 0, -98.3442010404741 19.7682879956616 0, -98.3441376419222 19.7686238038157 0, -98.3440902155224 19.7690156022374 0, -98.3440351972585 19.7693694228227 0, -98.3440015736713 19.7695532604988 0, -98.343981883564 19.7697909155668 0, -98.3439187573422 19.7698239617842 0, -98.3439039464663 19.769865555485 0, -98.3438736195499 19.7699169825888 0, -98.34382737273 19.7699635307728 0, -98.3438281667994 19.7699939576507 0, -98.3438381065396 19.7700384296989 0, -98.3438447322806 19.7700680719751 0, -98.3438357814292 19.7701358597908 0, -98.343891602479 19.770196110734 0, -98.3438558303503 19.770291803406 0, -98.343764559093 19.7703101663606 0, -98.3436915503328 19.7703359140276 0, -98.3436520411245 19.770387746428 0, -98.3436132239068 19.7704453066093 0, -98.3435897216581 19.7705005170854 0, -98.3434924259408 19.7705110794891 0, -98.3434160293466 19.7705639943848 0, -98.3433899955865 19.7706048494921 0, -98.3434038779234 19.770767733853 0, -98.3433980969031 19.7709391050176 0, -98.3433098834189 19.7710743019925 0, -98.3431469374428 19.7711629151554 0, -98.3429565164197 19.7713211840381 0, -98.3427648433523 19.7716225158058 0, -98.3424643842312 19.7719286921876 0, -98.3423769065885 19.772009803568 0, -98.342164345918 19.7721481133897 0, -98.3420883327559 19.7722021530196 0, -98.3421778330128 19.7722107965639 0, -98.342351814264 19.772139720789 0, -98.3424039814157 19.7720671987547 0, -98.3426479472384 19.7718514787921 0, -98.3427949075434 19.7717320243833 0, -98.3429146528116 19.7717600296286 0, -98.3429880002982 19.7717208307022 0, -98.3429928108959 19.7715478764687 0, -98.3430565537457 19.7714460386734 0, -98.3430404720814 19.7713565057263 0, -98.3431241771049 19.7712708895993 0, -98.343232654018 19.7713260579157 0, -98.3433223533231 19.7713721990811 0, -98.343347654278 19.7713948203513 0, -98.3433610140188 19.7716058689142 0, -98.3433452486161 19.7716694580146 0, -98.3433268416562 19.7718608467299 0, -98.343298579595 19.7719967750192 0, -98.3432294746255 19.7721057969187 0, -98.3431844184181 19.7722332693277 0, -98.3430407078391 19.7726071073389 0, -98.3429627829643 19.7727698467322 0, -98.3429357164436 19.7728573482065 0, -98.3429387956818 19.7729169528805 0, -98.3429827134188 19.7730871654152 0, -98.3429523939105 19.7732237690094 0, -98.3428919492185 19.773414948766 0, -98.3428546985521 19.7735469732684 0, -98.3428664574724 19.7738069863804 0, -98.3428011902261 19.7741644401919 0, -98.3427397815396 19.7744782760935 0, -98.3426263238423 19.774771413761 0, -98.3425117376387 19.7748372583464 0, -98.3423469552727 19.7748076040913 0, -98.3421424484563 19.7747106464517 0, -98.3420126343564 19.7744617108017 0))"
CEBADA,AGC_059,19.53,Almoloya,Hidalgo,ENTRENAMIENTO,"POLYGON Z ((-98.2681808131393 19.7995950163237 0, -98.2681611067969 19.7997108996062 0, -98.2676635227745 19.8000423251932 0, -98.2673014199683 19.800327396473 0, -98.2658033489763 19.8012941332108 0, -98.26371662725 19.802709005574 0, -98.2634898331835 19.8028518710498 0, -98.263487880246 19.8028465353499 0, -98.2634775038062 19.8028181749145 0, -98.2634790372304 19.8027149861608 0, -98.2634785126143 19.8027156513278 0, -98.2635095377292 19.7990751176746 0, -98.2635158439025 19.7983675777411 0, -98.2635000793676 19.7980872302537 0, -98.2635095377292 19.7978335827455 0, -98.2635521035006 19.7973396359485 0, -98.2635347624224 19.7970563207622 0, -98.2635914784562 19.797010718428 0, -98.2636117166012 19.7969944461853 0, -98.2636214696103 19.7969866042011 0, -98.2638138034042 19.7969539709607 0, -98.2638706514903 19.7969585934893 0, -98.2639414998201 19.7969643545341 0, -98.2639793359616 19.797292169981 0, -98.263983129547 19.7972962684622 0, -98.2640156539502 19.7973314043341 0, -98.2641070323775 19.7974301185966 0, -98.2649898741809 19.7973841360197 0, -98.2650189247989 19.7973602187861 0, -98.2650481829276 19.797336130814 0, -98.2650529341172 19.7973322191279 0, -98.2650371686839 19.7969658379017 0, -98.2650765580125 19.7968931401957 0, -98.265078157912 19.7968901878279 0, -98.2652373842962 19.7968620046734 0, -98.2652855429785 19.7968595104166 0, -98.2654092230268 19.7968531044619 0, -98.2655015976859 19.7968247429584 0, -98.2655589910493 19.7968071217184 0, -98.2658285727712 19.7967552046383 0, -98.2658632899619 19.7967599387424 0, -98.2659373515656 19.7967700383329 0, -98.2660792368714 19.7969688046368 0, -98.2662668410353 19.7971631205953 0, -98.266332321033 19.7972229192407 0, -98.2664276439628 19.7973099695091 0, -98.2666609660865 19.7975903183656 0, -98.2667049242466 19.7977087632784 0, -98.2667521073586 19.7978359003362 0, -98.2668344451409 19.798004513844 0, -98.2668358590891 19.7980074095614 0, -98.2668361258888 19.7980158380766 0, -98.266843249529 19.7982414950936 0, -98.2668925149358 19.7984315453841 0, -98.2669787298469 19.7985659710005 0, -98.2677140700772 19.7990914336557 0, -98.2677827157379 19.7991487449626 0, -98.2678260010599 19.7991848820016 0, -98.2681808131393 19.7995950163237 0))"
CEBADA,AGC_184,9.96,Almoloya,Hidalgo,ENTRENAMIENTO,"POLYGON Z ((-98.2676656982426 19.8078247707176 0, -98.2651929017655 19.8077106872498 0, -98.2640783110617 19.8077089800413 0, -98.2637102855038 19.8076455127017 0, -98.2634706852297 19.8073766620526 0, -98.2634857525725 19.8067994245862 0, -98.263480364707 19.8060335214854 0, -98.2635125975139 19.8059908160034 0, -98.2641336793459 19.8059453088098 0, -98.2641340489624 19.8056991373295 0, -98.2642407647664 19.8056335097125 0, -98.2651432817985 19.8055267748546 0, -98.2654867180662 19.80549069424 0, -98.2659905902543 19.8054822000907 0, -98.2666479679901 19.8055399552057 0, -98.2670858311809 19.8055794175023 0, -98.2673116474167 19.8057260178528 0, -98.2674961840533 19.8059023785597 0, -98.2676656982426 19.8078247707176 0))"
CEBADA,AGC_082,2.77,Almoloya,Hidalgo,PREDICCION,"POLYGON Z ((-98.2684020725571 19.80451488743 0, -98.2685546623554 19.8038591642481 0, -98.2685876399687 19.8035782285474 0, -98.2686284261765 19.8032892566688 0, -98.2686311846451 19.8031219580655 0, -98.2686851367168 19.8029196449586 0, -98.2687856692129 19.8026027791215 0, -98.2689890136913 19.8023737427578 0, -98.2689956382405 19.8022025814951 0, -98.2689943735292 19.802041499448 0, -98.2690237487408 19.8019176446441 0, -98.2689583380113 19.801736572584 0, -98.2688395146586 19.8015824937122 0, -98.268818860078 19.801512188636 0, -98.2691101300658 19.8011836776394 0, -98.2692239447099 19.8009215310215 0, -98.2693138709935 19.8007272907192 0, -98.2693861122895 19.8006581640896 0, -98.2694979001811 19.8005102089461 0, -98.2696004100466 19.8003321312113 0, -98.2697434080508 19.80027804401 0, -98.2699040764869 19.8003445121418 0, -98.2699041188722 19.8002961750069 0, -98.2697666712575 19.8002612231264 0, -98.2696086169437 19.800182234661 0, -98.2695583096161 19.8000938856084 0, -98.2696236131086 19.8000325120494 0, -98.2696701335143 19.8000312565869 0, -98.2697213702172 19.7999754215306 0, -98.2696897187139 19.7999088455892 0, -98.2696222300499 19.7999003269663 0, -98.2695298809002 19.799904516209 0, -98.2694143270699 19.7999313609679 0, -98.2692801248831 19.7999783001096 0, -98.2692096793684 19.7998888801498 0, -98.269309688951 19.7997515274072 0, -98.2694670438261 19.7996843540641 0, -98.269583878795 19.7997459051281 0, -98.2696310608858 19.7997181373309 0, -98.2699120459105 19.7995434999918 0, -98.2701666919298 19.7996471525028 0, -98.2701386396508 19.7996949661102 0, -98.2701784439133 19.7998567606437 0, -98.2700662793195 19.8000145095441 0, -98.2700668296506 19.8002907541759 0, -98.2699701516719 19.8003413599941 0, -98.2699735375693 19.800530569758 0, -98.269771665464 19.8008410604579 0, -98.2697478880508 19.8011101188068 0, -98.2696454148759 19.8013019092603 0, -98.2694921017387 19.8016242333846 0, -98.2694782885511 19.8019066290019 0, -98.269353320578 19.8021246590356 0, -98.2692534682438 19.8027497023328 0, -98.2691954589181 19.8029883438853 0, -98.2691553622456 19.8032796225566 0, -98.2691646583188 19.803441781813 0, -98.2691083964035 19.8035181572768 0, -98.2691440863568 19.803775725198 0, -98.2690787467822 19.8039244536738 0, -98.268672182342 19.8042001012956 0, -98.2684020725571 19.80451488743 0))"
CEBADA,AGC_146,1.33,Almoloya,Hidalgo,ENTRENAMIENTO,"POLYGON Z ((-98.2677131799086 19.8078172657752 0, -98.267616426363 19.8069068239828 0, -98.2675423317997 19.8060006989027 0, -98.2676306631774 19.8059988933792 0, -98.2677840558129 19.80609605658 0, -98.2679020775267 19.8063990412091 0, -98.2679995415864 19.8065845484882 0, -98.2681849904757 19.8066692027669 0, -98.2682330268974 19.8067601015649 0, -98.2682433615084 19.8068679291535 0, -98.2682470081512 19.8069279895282 0, -98.2682810444547 19.806972839953 0, -98.2685284394925 19.80710472669 0, -98.2685785627753 19.8071437910962 0, -98.2685997066204 19.8073573512849 0, -98.2685997996641 19.8075579657931 0, -98.2686048048602 19.8077353873885 0, -98.2685161668944 19.8077995253156 0, -98.2677131799086 19.8078172657752 0))"
CEBADA,AGC_128,6.15,Almoloya,Hidalgo,PREDICCION,"POLYGON Z ((-98.2685865889071 19.804534802608 0, -98.2688549421093 19.804283815081 0, -98.269054349256 19.8042709065733 0, -98.2692458835449 19.8040663155387 0, -98.26939770454 19.8039516107462 0, -98.2695360547989 19.803917388423 0, -98.2698174458454 19.8038379784976 0, -98.2700874149031 19.8037718120031 0, -98.2704157682682 19.8036595998744 0, -98.2705103755852 19.8036570388562 0, -98.2705600297474 19.8037149682902 0, -98.270683803249 19.8044662586811 0, -98.2707139456956 19.8046648393247 0, -98.2706778688762 19.8048395122495 0, -98.2706713915305 19.8049492082947 0, -98.2706147308885 19.8051619565825 0, -98.2705707788939 19.8053603342056 0, -98.2704776519093 19.8054631824706 0, -98.2702344284104 19.8056347166551 0, -98.2699734486231 19.8056906197317 0, -98.2696834364899 19.8057055620396 0, -98.2694773744046 19.8057699766468 0, -98.2692939479359 19.8058386911623 0, -98.2692673848762 19.8059436888228 0, -98.2691733560267 19.8059901755187 0, -98.2691086969811 19.8059123506923 0, -98.2690879435811 19.805837935704 0, -98.2690916983461 19.8056935424839 0, -98.2690509181755 19.805608361672 0, -98.2688725060375 19.8053697675392 0, -98.2685216537697 19.8046976699111 0, -98.2683646655463 19.8047644652863 0, -98.2688430395386 19.8058071952181 0, -98.2688092189239 19.8060678682249 0, -98.2688564869899 19.8061434054298 0, -98.2689758860212 19.8063382923286 0, -98.2689933165466 19.8065474485049 0, -98.2689419435465 19.8068452515366 0, -98.2688935352375 19.8069885336084 0, -98.2688051307054 19.8070150317842 0, -98.2686831787352 19.8070098795831 0, -98.2685215204277 19.8069388019432 0, -98.2684073292526 19.8068617575635 0, -98.2683550454241 19.806744275453 0, -98.2683027399847 19.8066446115348 0, -98.2682219175597 19.8065459212145 0, -98.2678180247139 19.8059565846524 0, -98.2676056883627 19.8056643701551 0, -98.2674686557939 19.8054514465771 0, -98.2673949221086 19.8053720657159 0, -98.2673959200926 19.8052962707679 0, -98.2674654310463 19.8051989497282 0, -98.2679239918851 19.8048602998016 0, -98.2681337063906 19.8047696219235 0, -98.2682506312049 19.8047600511574 0, -98.26830608602 19.8047524841842 0, -98.2685453679889 19.8046714462713 0, -98.2685865889071 19.804534802608 0))"
CEBADA,AGC_180,10.9,Almoloya,Hidalgo,ENTRENAMIENTO,"POLYGON Z ((-98.3532217833462 19.7512948970676 0, -98.3531254210656 19.7513127380888 0, -98.3530090667785 19.7512595261506 0, -98.3529011000611 19.7512101500758 0, -98.3528773216555 19.7512121487583 0, -98.3526357071834 19.7512324517866 0, -98.3523402997955 19.7511254038844 0, -98.3516869272416 19.7509264713319 0, -98.3511884934129 19.7507656607216 0, -98.3511915261253 19.7506952466873 0, -98.3512585081062 19.7506299933676 0, -98.3501276100119 19.750223300056 0, -98.3500874912513 19.7501205118112 0, -98.3501471411828 19.7499254443549 0, -98.3500622153541 19.7498436109835 0, -98.3499024742354 19.7498065006052 0, -98.3497316119734 19.7499387664755 0, -98.3495920910333 19.7499235411948 0, -98.3494192057653 19.7499511365923 0, -98.3493811953507 19.7499548744286 0, -98.3492837290407 19.7499644578653 0, -98.3491411753883 19.7498988009559 0, -98.3490499299116 19.7498357446966 0, -98.3490288051294 19.7498211450566 0, -98.3489965987298 19.7497988888042 0, -98.3489854775866 19.7496837512862 0, -98.3490633264874 19.7493545138858 0, -98.3491068004556 19.7490148087886 0, -98.3492882790076 19.7479377050497 0, -98.3493404100402 19.7477117087809 0, -98.3494272941962 19.7475897898085 0, -98.349537875011 19.7475868162358 0, -98.3497132234595 19.747628447095 0, -98.3498214336203 19.7476546503752 0, -98.350038646256 19.7477072488479 0, -98.350272219908 19.7476211742297 0, -98.3503372139171 19.747597224163 0, -98.3507100273364 19.7474857121921 0, -98.3509501452153 19.7474217790554 0, -98.3513640323043 19.7473816353533 0, -98.351485670482 19.7473860952955 0, -98.351992761375 19.7476195263787 0, -98.3520333445646 19.7476651335462 0, -98.3520986026785 19.7477384717584 0, -98.3520559497704 19.747835114867 0, -98.3519722249893 19.747916889239 0, -98.3519106158322 19.7481042280554 0, -98.351864075914 19.7483560938136 0, -98.3518411077888 19.7484803913837 0, -98.3521001819167 19.7486379931638 0, -98.3519801229773 19.7488193831887 0, -98.3524319234629 19.7490468650845 0, -98.3524403370839 19.7490619103621 0, -98.3524635181098 19.7491033632863 0, -98.3524556192235 19.7492579909095 0, -98.3524348897 19.7493867561182 0, -98.3524161265887 19.7495033125582 0, -98.3523671549309 19.749605902514 0, -98.3523665171271 19.7496064469998 0, -98.3522447612701 19.749710380348 0, -98.3522312991173 19.7497218720348 0, -98.3522182394097 19.7497268290504 0, -98.3517494841214 19.7499047488607 0, -98.3517668611322 19.7499939564151 0, -98.3517778160871 19.7499999761815 0, -98.3517781799048 19.7500001765586 0, -98.3520022394996 19.7501233069421 0, -98.352027185715 19.750109496154 0, -98.3520828049059 19.7500787032073 0, -98.3523087051487 19.7501099264994 0, -98.3525535616406 19.7503284851452 0, -98.352867926176 19.7503433527531 0, -98.3529958956798 19.750369832902 0, -98.3530906670439 19.7503894435969 0, -98.3531096232931 19.7504474285059 0, -98.3531017253051 19.7505425827924 0, -98.353157173816 19.7506527550948 0, -98.3531728125868 19.750683827781 0, -98.3532154645965 19.7510153815561 0, -98.3532217833462 19.7512948970676 0))"
CEBADA,AGC_134,2.25,Almoloya,Hidalgo,ENTRENAMIENTO,"POLYGON Z ((-98.3539926923702 19.7521147153822 0, -98.3539913008798 19.752113806511 0, -98.3539686543515 19.7521234583003 0, -98.3538318714764 19.7520726900171 0, -98.353773113572 19.7520463986888 0, -98.3537336200389 19.7519901906771 0, -98.3537434053873 19.7519483013987 0, -98.3537514866316 19.7518846050884 0, -98.3537692606978 19.7517445076113 0, -98.3537962317158 19.7516239317806 0, -98.3538704020156 19.7515559378446 0, -98.3538864081973 19.7515598785548 0, -98.3540582370466 19.751602173758 0, -98.3540977296814 19.7515922015062 0, -98.3542317942544 19.7515449696325 0, -98.3542778589639 19.7515287409384 0, -98.3543142290548 19.7515268648522 0, -98.3543481763894 19.7515251147403 0, -98.3544502807012 19.7515495917875 0, -98.3545716511809 19.7515423393921 0, -98.3546699035168 19.7513428907799 0, -98.3546564171094 19.751302094519 0, -98.3544878482464 19.7512975619762 0, -98.3544107880663 19.751260391908 0, -98.3544011554315 19.7511688270552 0, -98.3544300524376 19.7510056417711 0, -98.3544136770483 19.7509657517653 0, -98.3543115727365 19.7509403674416 0, -98.3542780736612 19.7509362094308 0, -98.3540486044118 19.7509077298441 0, -98.3539828908521 19.7508378155442 0, -98.3539821398605 19.7508370165767 0, -98.3540225963877 19.7507672087749 0, -98.3541189218373 19.7507100939698 0, -98.3541911661491 19.7506665776725 0, -98.3542316226762 19.7505722926028 0, -98.3542489610595 19.7504607818653 0, -98.3543029030957 19.7503646839845 0, -98.3542659455066 19.7503401306632 0, -98.3542647067298 19.7503393071744 0, -98.3542537769277 19.7503320462693 0, -98.3541256645918 19.7503601505696 0, -98.3540530097499 19.7503845009749 0, -98.354018018573 19.7503962284994 0, -98.353928196926 19.7504263314809 0, -98.3539503520759 19.750528776268 0, -98.3539401391294 19.7506120812506 0, -98.3539387934531 19.7506230613633 0, -98.3538318714764 19.7506339408645 0, -98.353556381535 19.7505786386988 0, -98.3533553520491 19.7505048697565 0, -98.3532899717645 19.7504808786944 0, -98.3532895594377 19.7504807273553 0, -98.3533126775816 19.7504317712382 0, -98.3533340458072 19.7504092597388 0, -98.3534417538098 19.7502957831667 0, -98.35369797938 19.7499476515523 0, -98.3538655861474 19.7499549048657 0, -98.3538715374861 19.7499671008138 0, -98.3539026012287 19.7500307556158 0, -98.3539416824351 19.7501108387639 0, -98.3542595566882 19.7501307834521 0, -98.3543477523845 19.7500495893632 0, -98.3543863098732 19.7500257064532 0, -98.3544198808137 19.7500049120517 0, -98.3546319505944 19.7499828638111 0, -98.3546325928898 19.7499827970188 0, -98.3553704969119 19.7499056949454 0, -98.3555561436469 19.7498735229921 0, -98.3555646893202 19.7498720425681 0, -98.3555270840457 19.749968938872 0, -98.3552772832265 19.7504025915118 0, -98.3552034857276 19.7505307030941 0, -98.3548269137571 19.7511951176827 0, -98.3547488896848 19.7513193200403 0, -98.3546429316004 19.7515894816473 0, -98.3546257674902 19.7516386741391 0, -98.354536010522 19.7518959063895 0, -98.3544560604617 19.7519557406229 0, -98.3544307782764 19.7519480951059 0, -98.3541622682447 19.7518668960234 0, -98.3541208478252 19.7519974438976 0, -98.3540611260285 19.7520989804956 0, -98.3539926923702 19.7521147153822 0))"
CEBADA,AGC_041,25.13,Singuilucan,Hidalgo,ENTRENAMIENTO,"POLYGON Z ((-98.39512376633911 19.943972089398635 0, -98.39541491970513 19.94407596425113 0, -98.39561128360992 19.945431517074304 0, -98.39684 19.9474181 0, -98.39673828541119 19.947520182007484 0, -98.39634397064957 19.947439712289857 0, -98.39600989753474 19.947664461664022 0, -98.39602966739312 19.947949329209422 0, -98.39589730077235 19.948043136983358 0, -98.39569950455049 19.948284051958503 0, -98.3953709235294 19.948302095908055 0, -98.39500402631914 19.948732897947007 0, -98.39415369998738 19.94883548855011 0, -98.39398683182714 19.948941401554467 0, -98.39397336024138 19.950990042154878 0, -98.39148409584571 19.948720275861945 0, -98.3918082 19.9447959 0, -98.39481005974038 19.94394524050043 0, -98.39498289331922 19.943871786887048 0, -98.39512376633911 19.943972089398635 0))"
CEBADA,AGC_166,6.76,Singuilucan,Hidalgo,ENTRENAMIENTO,"POLYGON Z ((-98.39720182485841 19.947570364689977 0, -98.39703011428234 19.947367299468688 0, -98.39693621890741 19.947128070554133 0, -98.39631758583711 19.946057652739412 0, -98.39589981010954 19.945659909174683 0, -98.39574419771783 19.945514011946713 0, -98.39567261792752 19.945292549196285 0, -98.3954594 19.9437581 0, -98.39610139382474 19.943561887627677 0, -98.39631952452825 19.943584307950015 0, -98.39634158343151 19.94378304795443 0, -98.39696068974382 19.943806378107553 0, -98.3975464 19.944127999999996 0, -98.3980083 19.945253599999997 0, -98.39720182485841 19.947570364689977 0))"
CEBADA,AGC_003,18.68,Singuilucan,Hidalgo,PREDICCION,"POLYGON Z ((-98.3745860868825 19.978017932130356 0, -98.3774878 19.981349299999994 0, -98.37730498596459 19.981618600101758 0, -98.3770374715037 19.981650993104413 0, -98.37676786671061 19.98182553965276 0, -98.37656068175703 19.982350623206276 0, -98.37659469840926 19.98286854156841 0, -98.37652834962964 19.983112581800917 0, -98.37631665357394 19.983870255797378 0, -98.37595201732893 19.984210590545374 0, -98.3756061 19.9843652 0, -98.372513 19.9818701 0, -98.37347936604391 19.979966164982578 0, -98.37367690236437 19.97973819101729 0, -98.37383172145648 19.979829153975988 0, -98.3739183396095 19.97978597820602 0, -98.37396491190854 19.979706294059984 0, -98.37392676679268 19.979598729296853 0, -98.37384299239622 19.979279999968234 0, -98.3745860868825 19.978017932130356 0))"
CEBADA,AGC_081,3.28,Singuilucan,Hidalgo,ENTRENAMIENTO,"POLYGON Z ((-98.37072549999999 19.9795426 0, -98.37288703817624 19.980831079243067 0, -98.37263734841085 19.981219400607344 0, -98.3723091 19.9817379 0, -98.37131157591199 19.981068106862747 0, -98.3698276 19.9803238 0, -98.37072549999999 19.9795426 0))"
CEBADA,AGC_129,8.16,Singuilucan,Hidalgo,PREDICCION,"POLYGON Z ((-98.37583748814166 19.97551565187512 0, -98.37568009304943 19.97577690565473 0, -98.37555931556383 19.975819265866573 0, -98.37528299337926 19.975925778333824 0, -98.37466457516298 19.976169548529015 0, -98.37463331954284 19.976443512255255 0, -98.37468816147441 19.976693678938375 0, -98.37469010938983 19.976748667690824 0, -98.37476029632998 19.976808519457254 0, -98.37488674619702 19.976937585770848 0, -98.37505124550682 19.976922126166727 0, -98.37381025461816 19.979225890874023 0, -98.3736386534718 19.978995554913208 0, -98.3735340900815 19.97907062041651 0, -98.37339492468654 19.978905697770664 0, -98.37316875616014 19.978926144792364 0, -98.37303884359345 19.978670949871734 0, -98.37307698176335 19.978523194483614 0, -98.37303437260483 19.977943665583165 0, -98.37293256930505 19.977660055907737 0, -98.37281814381593 19.977592681464568 0, -98.37293788102808 19.977333761341324 0, -98.37277856073356 19.9769001090052 0, -98.37226469623619 19.97706880479946 0, -98.37214689999999 19.9769014 0, -98.37212574843218 19.97676814681649 0, -98.37322728946252 19.976354954268917 0, -98.37352463007323 19.976229556659728 0, -98.37376557492702 19.97591212849282 0, -98.37400872544345 19.97563999926719 0, -98.37423510024078 19.97548381673305 0, -98.37425515754303 19.975245136397067 0, -98.37423076474532 19.975134669022644 0, -98.37400391152312 19.97518095580705 0, -98.37385533277345 19.975368084996997 0, -98.37377390839282 19.975472790575303 0, -98.3737064476437 19.97543885870615 0, -98.3737167359534 19.975309829099533 0, -98.3737545268595 19.975174993310088 0, -98.37432198868845 19.974535718680215 0, -98.37433945428417 19.974393933192193 0, -98.37446468361902 19.974312897816553 0, -98.37439453706004 19.97412377155042 0, -98.37440386597045 19.97377495096365 0, -98.3747977260759 19.973874858678524 0, -98.37530804486222 19.974093896584098 0, -98.37538847931108 19.97415399284501 0, -98.37540742214296 19.97421261949529 0, -98.3754184963218 19.974309840722647 0, -98.37538208900273 19.974392999658985 0, -98.37491720587418 19.975031498056435 0, -98.37481749222115 19.97518101338784 0, -98.37476950144267 19.975441649297228 0, -98.3747482358145 19.975725547308127 0, -98.37501608459274 19.975680239221774 0, -98.37544332549534 19.975554710845245 0, -98.37577106303517 19.975442963012945 0, -98.37583748814166 19.97551565187512 0))"
CEBADA,AGC_034,8.09,Singuilucan,Hidalgo,ENTRENAMIENTO,"POLYGON Z ((-98.38689869999999 19.9544151 0, -98.38598481950157 19.954862948774448 0, -98.38596229620396 19.954767611963018 0, -98.38584264051303 19.954725978421415 0, -98.38568716314906 19.9547459728495 0, -98.38556538374678 19.954784006680146 0, -98.38534670116323 19.954867130655824 0, -98.38538562332593 19.95494562208876 0, -98.38549565385132 19.95500641750078 0, -98.38555348217123 19.95505950496799 0, -98.38560755982863 19.955082339362804 0, -98.38562690621151 19.955125891412205 0, -98.38546406134199 19.95525128284232 0, -98.38522050157545 19.95558374127764 0, -98.3850350563696 19.955702129945937 0, -98.38474354075652 19.955867544350138 0, -98.38455105327236 19.955908200988922 0, -98.3844052570478 19.95590687932456 0, -98.38419099349572 19.955824206861028 0, -98.38393512948056 19.955678060202356 0, -98.38360101842935 19.95564639275604 0, -98.3835046884501 19.955669950063772 0, -98.38343541743316 19.955618743426054 0, -98.38314818228667 19.954769464659506 0, -98.3837734 19.9534433 0, -98.38630200000001 19.952949 0, -98.38689869999999 19.9544151 0))"
CEBADA,AGC_079,18.87,Singuilucan,Hidalgo,ENTRENAMIENTO,"POLYGON Z ((-98.38777488833553 19.960798298447834 0, -98.38751180430364 19.961093669884136 0, -98.38729640092112 19.960967883314204 0, -98.38707533167963 19.960712687973686 0, -98.38665991807999 19.96090962819023 0, -98.38638657457781 19.961247844506303 0, -98.38644000769101 19.961636938478545 0, -98.38643672061093 19.962102245247866 0, -98.38654454281537 19.96267361867397 0, -98.38555050000001 19.963567500000003 0, -98.3838231 19.9571135 0, -98.38461871603872 19.956276087378882 0, -98.38489840684312 19.956041445665754 0, -98.38502715298328 19.956041282976532 0, -98.38564332852383 19.956176625000623 0, -98.38672849431688 19.95684023174335 0, -98.38777488833553 19.960798298447834 0))"
CEBADA,AGC_070,20.83,Singuilucan,Hidalgo,ENTRENAMIENTO,"POLYGON Z ((-98.39420387371639 19.95119722917984 0, -98.39804140000001 19.953648599999998 0, -98.3938056 19.956960499999997 0, -98.39126979999999 19.9557464 0, -98.39255095399076 19.9552097138872 0, -98.3927684935051 19.95480169109127 0, -98.39315236162501 19.954232063847293 0, -98.3931496391526 19.95401507307927 0, -98.3931496391526 19.95401507307927 0, -98.39281570679475 19.953877164565405 0, -98.39275455835585 19.953964069176997 0, -98.3923214479686 19.9539590778425 0, -98.3923214479686 19.9539590778425 0, -98.3940808185889 19.951269571785076 0, -98.39420387371639 19.95119722917984 0))"
CEBADA,AGC_113,10.58,Singuilucan,Hidalgo,PREDICCION,"POLYGON Z ((-98.39212083206364 19.9540381452511 0, -98.39231661345819 19.95399566705691 0, -98.3927151286244 19.954006269674654 0, -98.39282262787674 19.95415921324035 0, -98.3929302615078 19.954217887837256 0, -98.39303452316928 19.95422485695524 0, -98.39304029736637 19.954275497210432 0, -98.39247019999999 19.9551941 0, -98.3908964828159 19.95571264412021 0, -98.389719727311 19.95613354904258 0, -98.38937751463266 19.956147847287742 0, -98.38828890052146 19.956334036847352 0, -98.38794353800985 19.956377436408104 0, -98.38774531971127 19.95642209570248 0, -98.38755593317808 19.956491655518057 0, -98.38725600000001 19.956595800000002 0, -98.38573792436979 19.955365326949856 0, -98.39212083206364 19.9540381452511 0))"
CEBADA,AGC_038,3.28,Singuilucan,Hidalgo,ENTRENAMIENTO,"POLYGON Z ((-98.39051244363023 19.95212194091262 0, -98.39042497136539 19.952369246726093 0, -98.3902795803343 19.952352858650986 0, -98.39015433935504 19.952349877345462 0, -98.39012942178279 19.952258793526227 0, -98.39011252345081 19.95220883685489 0, -98.390024518907 19.952176578308944 0, -98.38991116348944 19.952240670462622 0, -98.38987739207573 19.952310966278446 0, -98.38994083227026 19.952495612446604 0, -98.38999996377713 19.952585356278522 0, -98.39010995311014 19.952562120159254 0, -98.39018025695839 19.952574566441694 0, -98.39025056081954 19.95258701269168 0, -98.39033311011544 19.952567432297986 0, -98.3903834773958 19.95264404011784 0, -98.39035026353362 19.952778985541784 0, -98.39018169963221 19.952777127559333 0, -98.39007825484597 19.952811292237293 0, -98.38995982871975 19.952894654634353 0, -98.38994456077036 19.952954618303743 0, -98.38999766372966 19.95301405508067 0, -98.39008243311352 19.95299668220035 0, -98.3901967636261 19.952895985879618 0, -98.39025772988248 19.952916828010377 0, -98.39035671929106 19.952964429695072 0, -98.39040725870069 19.953034578007262 0, -98.39050159229086 19.953171482226583 0, -98.39049867676533 19.953238203604904 0, -98.39057950681686 19.953283218369936 0, -98.390764132406 19.953323701285058 0, -98.39088162238845 19.953617899338774 0, -98.39096363434464 19.953661326129993 0, -98.39111629272274 19.953875565723 0, -98.3911885229664 19.95394407548167 0, -98.39127460906764 19.954048464893837 0, -98.39126506977476 19.954150040026665 0, -98.3910119127482 19.954201649369242 0, -98.39099669137123 19.95400306917597 0, -98.39093983572182 19.953913379804966 0, -98.39081881918833 19.953837245176395 0, -98.39080031554896 19.953847577491327 0, -98.39074759754286 19.953859250025314 0, -98.39073704047446 19.953999044023796 0, -98.39086485749408 19.95424770402346 0, -98.38979463274579 19.954434990093887 0, -98.3892037 19.953177500000002 0, -98.38889670182866 19.95234524995083 0, -98.38961197579297 19.952181299948663 0, -98.39034398236113 19.952030672172793 0, -98.39051244363023 19.95212194091262 0))"
CEBADA,AGC_042,3.81,Singuilucan,Hidalgo,PREDICCION,"POLYGON Z ((-98.3892118 19.949956 0, -98.38904377629514 19.95044652098237 0, -98.38903184360923 19.95089457671063 0, -98.38914910115584 19.951754778502842 0, -98.38914439999999 19.952237899999997 0, -98.38831669999999 19.952462699999998 0, -98.38784567879392 19.95047034730913 0, -98.38778036541979 19.950193897005246 0, -98.3877548742912 19.950111475956405 0, -98.3877531582297 19.95004598402357 0, -98.3877510936479 19.949993574002328 0, -98.38767276411838 19.949945892346403 0, -98.38759818141104 19.949757580171966 0, -98.38769295941489 19.949707477138706 0, -98.38900819811438 19.949313370997416 0, -98.3892118 19.949956 0))"
CEBADA,AGC_194,4.12,Singuilucan,Hidalgo,ENTRENAMIENTO,"POLYGON Z ((-98.39206159999999 19.949303999999994 0, -98.39403879929729 19.95117407763357 0, -98.39400745095739 19.951197876326496 0, -98.39394939293436 19.95123372099912 0, -98.39237209836436 19.951607271158522 0, -98.3907977 19.9498465 0, -98.39206159999999 19.949303999999994 0))"
CEBADA,AGC_030,13.05,Singuilucan,Hidalgo,PREDICCION,"POLYGON Z ((-98.41286322323866 19.955972685267547 0, -98.41175883173764 19.958170552036435 0, -98.41164738326826 19.95826193723905 0, -98.41155938215879 19.958293788970444 0, -98.41150212590793 19.958253414220223 0, -98.41135826846858 19.958531416120465 0, -98.41105653449232 19.958825642487405 0, -98.41092579347215 19.959123908768344 0, -98.41046947839466 19.95901370884345 0, -98.41032902721616 19.95909408929706 0, -98.4101512324147 19.959324537651803 0, -98.41008764526482 19.959642921128765 0, -98.41008849228731 19.95975773228786 0, -98.41001188572834 19.95978761153432 0, -98.40986935680047 19.959946415958672 0, -98.40970429419131 19.96012038150526 0, -98.40976241891256 19.960223773160504 0, -98.40989892593588 19.960292399425498 0, -98.40991018848727 19.960389450068906 0, -98.40974250333932 19.960453490695922 0, -98.40960433476276 19.960447603775073 0, -98.4096065369741 19.960677844994624 0, -98.40984063337437 19.960926655186007 0, -98.40997273645367 19.96095267063463 0, -98.41004794091604 19.96088120892498 0, -98.4102872661382 19.96088033468143 0, -98.41033989859959 19.9609299725599 0, -98.4106068005653 19.960984682059305 0, -98.41074710816369 19.961118792182788 0, -98.41068232308186 19.96153474816691 0, -98.40785939999999 19.9611695 0, -98.40829219477945 19.960165417273192 0, -98.40849221580508 19.96034279625686 0, -98.40859202391516 19.960334696817124 0, -98.40861124382201 19.960235752162642 0, -98.40879717459063 19.96021399741642 0, -98.40886739630369 19.960278439134562 0, -98.40894176765056 19.960290663391163 0, -98.40896960500103 19.960258858663323 0, -98.40898282834034 19.960202699021952 0, -98.40897461302477 19.959990625971972 0, -98.40894026385455 19.959929649564458 0, -98.40863489547604 19.9599695022804 0, -98.40861658608162 19.959825200569544 0, -98.40852870292446 19.9598008851316 0, -98.40857001642101 19.95949450901272 0, -98.40950421603246 19.95759468584286 0, -98.40956601295699 19.95745489698646 0, -98.40973361673151 19.957602732855687 0, -98.41015302027206 19.957644050982676 0, -98.41038975374425 19.95747962929323 0, -98.41040240812849 19.957315134898852 0, -98.41032617715662 19.957164231193488 0, -98.41027483237582 19.956909285537364 0, -98.41019065380479 19.956745114805923 0, -98.41008794930681 19.956653747185662 0, -98.40991487794207 19.956712428604693 0, -98.41058399095559 19.95524330597524 0, -98.41086275770884 19.95462212582511 0, -98.41263592826319 19.95581137381139 0, -98.41278355086826 19.955948177974747 0, -98.41214107540665 19.95600933023712 0, -98.4117926736672 19.955742542237886 0, -98.41170249145905 19.955566294726935 0, -98.41161728352287 19.955395820554045 0, -98.41146266186962 19.955588089973883 0, -98.41136894831362 19.955738979199246 0, -98.41160649901354 19.956319862454052 0, -98.41156926389259 19.956435326508338 0, -98.41129282877708 19.956516447802496 0, -98.41108524132937 19.95664363538474 0, -98.4109716614173 19.956802537887025 0, -98.41099269813256 19.956879387305356 0, -98.4110076921015 19.9569908356913 0, -98.41112231926637 19.95714746354262 0, -98.41097569039358 19.957328206687773 0, -98.41095220111893 19.95750540049658 0, -98.41110762996121 19.957540993105646 0, -98.41118115334613 19.957604137546372 0, -98.41137008767917 19.957697483522242 0, -98.41147820042166 19.957616014728288 0, -98.41141953693212 19.957507976691357 0, -98.41153029416523 19.957520293037742 0, -98.41149720645772 19.957414476149307 0, -98.41158465312515 19.95733898190291 0, -98.41161262412658 19.95718613268524 0, -98.41160972295924 19.957102036923473 0, -98.41164499216757 19.957060857930635 0, -98.41192048125707 19.956854076889496 0, -98.41202581824695 19.956748303539378 0, -98.41213123607044 19.95683320886018 0, -98.41217061194288 19.95644309143527 0, -98.41242090662703 19.956284190709056 0, -98.4125147562999 19.956225006559876 0, -98.41268692665186 19.9559830580745 0, -98.41283470192406 19.955952619758648 0, -98.41286322323866 19.955972685267547 0))"
CEBADA,AGC_078,2.3,Singuilucan,Hidalgo,ENTRENAMIENTO,"POLYGON Z ((-98.41310024613992 19.953163002924807 0, -98.41311779372921 19.953649950352318 0, -98.41307763507177 19.953808562204202 0, -98.41281948588951 19.953946323018773 0, -98.41257191466599 19.9538933826653 0, -98.41237659700393 19.953747510534384 0, -98.41224863360195 19.95356530310219 0, -98.41234090578847 19.953423619014032 0, -98.41234667936324 19.95330996980113 0, -98.41198337632538 19.953239903700883 0, -98.41160824292274 19.953616852779223 0, -98.41160837566254 19.95382088573769 0, -98.41183860028084 19.953797559978145 0, -98.41188220899419 19.953926764416984 0, -98.41189906568557 19.954230592317675 0, -98.41207911009532 19.954326404165332 0, -98.41200715295123 19.95464120964488 0, -98.41220599942383 19.954653761618452 0, -98.41233552017565 19.954777151289555 0, -98.41208547498576 19.955362473024252 0, -98.41101839999999 19.954551999999996 0, -98.41171815354784 19.95296551213901 0, -98.4123702488485 19.953255596341595 0, -98.41245630411264 19.952930661619135 0, -98.41310024613992 19.953163002924807 0, -98.41310024613992 19.953163002924807 0))"
CEBADA,AGC_121,5.92,Singuilucan,Hidalgo,ENTRENAMIENTO,"POLYGON Z ((-98.41423917209389 19.949986407423467 0, -98.41410690259707 19.949947729993035 0, -98.41394150079407 19.94999875902579 0, -98.41388334858551 19.95012988711726 0, -98.41392151710225 19.950237438789504 0, -98.41400161282726 19.950310432275813 0, -98.41423319207588 19.950341762787943 0, -98.41434846926614 19.950376806530354 0, -98.41444000793557 19.9504048253095 0, -98.41462914804035 19.950490092129506 0, -98.41475855904443 19.950119880259503 0, -98.41509815804167 19.94968515398637 0, -98.41534045278226 19.949828232894966 0, -98.41521770406293 19.950075794704293 0, -98.4135019 19.9532341 0, -98.4118946 19.9525754 0, -98.41219686148946 19.95212521599086 0, -98.41242170024042 19.952023886153246 0, -98.41251712922532 19.95184031556316 0, -98.41263424576061 19.951741284667655 0, -98.41285677185537 19.951985701571736 0, -98.4128477188433 19.95206951410078 0, -98.41279460389151 19.9521393571464 0, -98.4127547670452 19.952224057367573 0, -98.41270570855536 19.952269757882068 0, -98.41265105776458 19.952268465042057 0, -98.412475832878 19.952303101279146 0, -98.41262082439552 19.952506902773827 0, -98.41320866324433 19.952507880789117 0, -98.4133472591847 19.95217828391489 0, -98.4139139243115 19.95168752566239 0, -98.41408419594426 19.95158167122596 0, -98.41409922638587 19.9514010462434 0, -98.41413347048243 19.951140080836012 0, -98.41407028158247 19.95107395076084 0, -98.41325872135997 19.951261592031308 0, -98.41309468268871 19.951390215500073 0, -98.41308596956536 19.951590380604806 0, -98.41298025290268 19.951710688145376 0, -98.41279862474899 19.951729014279028 0, -98.41269479012583 19.951648994899344 0, -98.41249967555288 19.951401994519063 0, -98.41376309139777 19.948732527131025 0, -98.414267912976 19.949028862265134 0, -98.41393796084894 19.949615708419863 0, -98.41412701353713 19.94976884133107 0, -98.41427247507289 19.949890241273398 0, -98.41423917209389 19.949986407423467 0))"
CEBADA,AGC_148,2.46,Singuilucan,Hidalgo,ENTRENAMIENTO,"POLYGON Z ((-98.41006709999999 19.952452500000003 0, -98.40939949999999 19.9538887 0, -98.4081537 19.9534617 0, -98.40897269999999 19.951896100000003 0, -98.41006709999999 19.952452500000003 0))"
CEBADA,AGC_067,1.53,Singuilucan,Hidalgo,ENTRENAMIENTO,"POLYGON Z ((-98.40931979999999 19.947875099999997 0, -98.4088797 19.9487059 0, -98.4077721 19.9481053 0, -98.408262 19.947094199999995 0, -98.40931979999999 19.947875099999997 0))"
CEBADA,AGC_089,1.72,Singuilucan,Hidalgo,ENTRENAMIENTO,"POLYGON Z ((-98.41065449999999 19.951383999999997 0, -98.4100775 19.9524199 0, -98.4090208 19.951871500000003 0, -98.4096626 19.950731899999997 0, -98.41065449999999 19.951383999999997 0))"
CEBADA,AGC_007,2.87,Singuilucan,Hidalgo,ENTRENAMIENTO,"POLYGON Z ((-98.41633042865702 19.954590447722648 0, -98.41615165017696 19.954632078091667 0, -98.41592723741424 19.954846536896483 0, -98.41582220431285 19.955070280648087 0, -98.41589905953444 19.955266005325967 0, -98.41589965840703 19.955501941181332 0, -98.41617825830151 19.955823626506223 0, -98.41620473161635 19.95598584241997 0, -98.4162019143482 19.956092425438477 0, -98.41613411196828 19.95620070449592 0, -98.4160235272415 19.95637584038546 0, -98.41576388943243 19.957534771110133 0, -98.41499929999999 19.957162999999998 0, -98.4154112 19.9541515 0, -98.41633042865702 19.954590447722648 0))"
CEBADA,AGC_080,18.99,Singuilucan,Hidalgo,ENTRENAMIENTO,"POLYGON Z ((-98.43260394463239 19.97832392000795 0, -98.4320925823296 19.97814060250683 0, -98.43179714626383 19.978065783086286 0, -98.43168748345838 19.978076130542167 0, -98.43164583853492 19.978359554961585 0, -98.4316016116971 19.978481325349396 0, -98.43147615760365 19.978572097810012 0, -98.43140043355727 19.97885148861253 0, -98.4310471884728 19.9788948866414 0, -98.4312099161089 19.977647983421463 0, -98.43069799240116 19.97774582024773 0, -98.43066435406638 19.97785491203006 0, -98.43060459299203 19.97882629756689 0, -98.42818799999999 19.9785233 0, -98.42743780855984 19.973885360643557 0, -98.42764080212443 19.973863478782572 0, -98.42801762053503 19.973962845982566 0, -98.4284611600098 19.974254462930112 0, -98.428727907496 19.974509597212872 0, -98.42910617479266 19.974554054270833 0, -98.42954950753516 19.974464304203693 0, -98.4296941231009 19.974684242977375 0, -98.42960899942888 19.974931092038528 0, -98.42949559604182 19.97508355148701 0, -98.42945452939914 19.975215090859034 0, -98.42957846421962 19.975311732395287 0, -98.4296102587452 19.975532247259054 0, -98.42966756977457 19.97556268314659 0, -98.42987134130938 19.97548345162528 0, -98.43008809725058 19.975430380335705 0, -98.43029215215255 19.975600008028568 0, -98.4303539002014 19.975591765782823 0, -98.43043920749528 19.9754677310957 0, -98.4307644593037 19.9749292019132 0, -98.43114813063184 19.9751579968539 0, -98.43125298395287 19.974940697890986 0, -98.43168921331987 19.97473119574555 0, -98.43181250685986 19.97446262069549 0, -98.43188185187678 19.97442546989539 0, -98.43198488494119 19.97473696033141 0, -98.43197311818064 19.97485422186152 0, -98.43174296963116 19.975026559355214 0, -98.43162915909937 19.975324444303958 0, -98.43163293103348 19.975440879944568 0, -98.43167871843707 19.975519521797203 0, -98.43177386395939 19.97554115145177 0, -98.43178180167192 19.97549932405244 0, -98.43172926669159 19.97541729162494 0, -98.43201725337809 19.97538528458816 0, -98.43236760912204 19.97756210462597 0, -98.43286066456803 19.977531687582758 0, -98.43285867518433 19.97799702919923 0, -98.43283025639789 19.97816764964566 0, -98.43260394463239 19.97832392000795 0))"
CEBADA,AGC_156,8.2,Singuilucan,Hidalgo,PREDICCION,"POLYGON Z ((-98.43531716603128 19.971050598793877 0, -98.43279202786609 19.97166344997012 0, -98.43248078315031 19.971410508725906 0, -98.43208277550312 19.971207235263257 0, -98.43188436718115 19.971082989247893 0, -98.43128813941901 19.970878281935295 0, -98.43124945320189 19.97052994848911 0, -98.43121877769994 19.970396721123834 0, -98.43119591230717 19.970226511373138 0, -98.43135533836636 19.970403166358697 0, -98.43146016061633 19.970316757184722 0, -98.43138350232401 19.97024223697829 0, -98.43139989517114 19.970203840608225 0, -98.43148011642562 19.97007807048137 0, -98.43174458662529 19.970062478218157 0, -98.431863471256 19.970091130004704 0, -98.4319842260412 19.97004872520062 0, -98.432642673469 19.969967259421942 0, -98.43286052429642 19.969872196523056 0, -98.43307008094487 19.96970260595771 0, -98.43321148458948 19.96952494863747 0, -98.43337092039947 19.96944143858849 0, -98.43351764359693 19.969451352723667 0, -98.43352777650772 19.96922859422363 0, -98.43355010433956 19.96919195316281 0, -98.43357507047848 19.96908750556967 0, -98.43363725704646 19.969029986917782 0, -98.4339214737772 19.96901081548341 0, -98.4350999 19.9688832 0, -98.43531716603128 19.971050598793877 0))"
CEBADA,AGC_140,4.13,Singuilucan,Hidalgo,ENTRENAMIENTO,"POLYGON Z ((-98.42636111215265 19.966112075139677 0, -98.42621559999999 19.964833099999996 0, -98.4294645 19.9666066 0, -98.42930477429904 19.966823468177047 0, -98.42915514862283 19.966794090584877 0, -98.4291437882646 19.96705236969825 0, -98.42904120189799 19.96714044553986 0, -98.4283058458747 19.96720069293283 0, -98.42794830636642 19.967278454330685 0, -98.427655198055 19.96715951343682 0, -98.42763389951173 19.967102993285497 0, -98.42740671435946 19.96690373163836 0, -98.42727955604246 19.966627107585 0, -98.42714500627264 19.966458037085886 0, -98.42691681626258 19.966469897470272 0, -98.4266521739616 19.966308534239644 0, -98.4264244382122 19.9663031681421 0, -98.42636111215265 19.966112075139677 0))"
CEBADA,AGC_118,4.42,Singuilucan,Hidalgo,PREDICCION,"POLYGON Z ((-98.42405802361584 19.946299627510125 0, -98.42404940331801 19.94679927162366 0, -98.42400331710041 19.94716445245587 0, -98.42388524906264 19.948444683164745 0, -98.42325672473466 19.94843201387371 0, -98.42262336236604 19.948430000435184 0, -98.42267334868828 19.948521669478875 0, -98.42293800103013 19.948551612375596 0, -98.4230044925993 19.948579035079216 0, -98.42312956041086 19.94858844878711 0, -98.42336694249427 19.948572502775786 0, -98.42352079380797 19.948700016356177 0, -98.42354402930455 19.948855689777574 0, -98.42284415691691 19.949042783670233 0, -98.42252570854181 19.94902234407805 0, -98.42252775374324 19.948944829596712 0, -98.42254824269 19.948859132162916 0, -98.42256361170428 19.948837949544362 0, -98.42249619731354 19.94858643481729 0, -98.42251200927066 19.948332574584775 0, -98.42246042781734 19.948215013642066 0, -98.4223258499997 19.94813427588665 0, -98.42218114145274 19.94809208032097 0, -98.42208690173237 19.948123251808585 0, -98.42199988657138 19.94805333132845 0, -98.42197984341283 19.947949441511007 0, -98.4222353183929 19.947765871806965 0, -98.42229986208834 19.94756486997727 0, -98.42240185174192 19.947153608984838 0, -98.42242243591099 19.94671888237237 0, -98.42256827925898 19.946718014144068 0, -98.42260606576716 19.946494836001033 0, -98.42251729026623 19.94649166434709 0, -98.4225123 19.9463852 0, -98.42405802361584 19.946299627510125 0))"
CEBADA,AGC_190,5.01,Chignahuapan,Puebla,PREDICCION,"POLYGON Z ((-98.2363418936945 19.8959275370304 0, -98.2361906506383 19.8960451534316 0, -98.2360336853138 19.896132788959 0, -98.2359638386055 19.8961511340621 0, -98.2332879370371 19.8978290355338 0, -98.233266245418 19.8978149292639 0, -98.2332393633331 19.8977974476238 0, -98.2332238943439 19.8977111163705 0, -98.2331715019016 19.8974572833768 0, -98.2329808012449 19.8967281548028 0, -98.2329509780757 19.8966169661802 0, -98.2329605334554 19.8965894705678 0, -98.2329771388135 19.8965416921681 0, -98.2330697488311 19.8964713376183 0, -98.2342931653148 19.8957361226782 0, -98.2349556890065 19.8952999758068 0, -98.2351491178467 19.8951726397232 0, -98.2354548738268 19.8949827618158 0, -98.2355783212114 19.8949035811229 0, -98.2356227617668 19.8948894154632 0, -98.2356747894931 19.8948728322635 0, -98.2357195336791 19.8949233201271 0, -98.2357810682761 19.8949927554844 0, -98.2359314938654 19.8952326008091 0, -98.2361358758638 19.8955577764316 0, -98.2363239076259 19.8958752629525 0, -98.2363418936945 19.8959275370304 0))"
CEBADA,AGC_092,0.5,Chignahuapan,Puebla,ENTRENAMIENTO,"POLYGON Z ((-98.2421918953012 19.8617585586223 0, -98.2421749997874 19.8618076435551 0, -98.2421733980912 19.8618122963028 0, -98.2421606995063 19.8618491887763 0, -98.2420352192342 19.8619548163094 0, -98.2419693601474 19.8619971970762 0, -98.241866758169 19.8620324065105 0, -98.2416872047066 19.8620800035296 0, -98.2415894554273 19.8620865234482 0, -98.2415111169446 19.8620676150921 0, -98.2413523612777 19.8620206703149 0, -98.2411998444105 19.8619861131237 0, -98.2411591794742 19.8619707498637 0, -98.2411270530247 19.8619678561566 0, -98.2410972424319 19.8619352556917 0, -98.2410998152069 19.861868962314 0, -98.2411007090306 19.8618459292346 0, -98.2410556477393 19.8617357375915 0, -98.2410429482562 19.8617202315226 0, -98.2410161317483 19.8616874882222 0, -98.2410285401773 19.8616825507466 0, -98.2410403000227 19.8616778718038 0, -98.2410521811407 19.861673143858 0, -98.2410668164933 19.861672189989 0, -98.2411940359038 19.8616449282582 0, -98.2412892195947 19.8616174620618 0, -98.2413551712079 19.8616103997111 0, -98.2413907202387 19.8616065926823 0, -98.2414684676299 19.8615982663907 0, -98.2417080025021 19.8616066383058 0, -98.2420081826391 19.8616144627384 0, -98.2420989996194 19.8616320666541 0, -98.2421648587061 19.8616548876997 0, -98.242174998889 19.8616694441304 0, -98.2421912027001 19.861692704508 0, -98.2421918953012 19.8617585586223 0))"
CEBADA,AGC_091,0.35,Chignahuapan,Puebla,PREDICCION,"POLYGON Z ((-98.2391354988196 19.8593483292303 0, -98.2391576674441 19.8593504532886 0, -98.2392460410068 19.8593414289977 0, -98.2393536034823 19.8593447536476 0, -98.2394096574577 19.8593704011854 0, -98.2394318772863 19.8594050738518 0, -98.2394268278561 19.8594668185197 0, -98.2393909733982 19.8595850829798 0, -98.2393389591466 19.8597275703471 0, -98.2393051249997 19.8598686322585 0, -98.2392455352553 19.8600538656489 0, -98.2392405675718 19.8600759307468 0, -98.2392364461013 19.8600942369352 0, -98.2392084159695 19.8601094998354 0, -98.2392076613846 19.8601099104509 0, -98.2391798872727 19.8601160848913 0, -98.2390970679934 19.8600852126867 0, -98.2390400043116 19.8600837882055 0, -98.2389874852068 19.8600239439316 0, -98.2389036571195 19.8599868972638 0, -98.2388476022457 19.8599555493617 0, -98.2388430576687 19.8598866807796 0, -98.2388304327457 19.8597997636386 0, -98.2388334627631 19.8597741161701 0, -98.2388344733678 19.8597375442722 0, -98.2388885070322 19.8596644004508 0, -98.2389607208012 19.8595893572816 0, -98.2389658950973 19.8595844907114 0, -98.2389869803536 19.8595646594363 0, -98.2390319113892 19.8595125550137 0, -98.2390435391822 19.8594630181986 0, -98.2390945437274 19.8593618525699 0, -98.2391117132274 19.8593442788183 0, -98.2391299939435 19.8593478020177 0, -98.2391354988196 19.8593483292303 0))"
CEBADA,AGC_060,2.34,Chignahuapan,Puebla,ENTRENAMIENTO,"POLYGON Z ((-98.2547773822632 19.879164487406 0, -98.2547236585177 19.8791162619261 0, -98.2545356267557 19.8791587462379 0, -98.2546003386938 19.8790645913907 0, -98.2546274875783 19.8789845925888 0, -98.2546369683978 19.8789566571601 0, -98.254820116918 19.8786730431774 0, -98.2550044862485 19.878544440903 0, -98.2551949596315 19.8784606200082 0, -98.2552008157488 19.8784600235864 0, -98.2553414784476 19.8784456925667 0, -98.2554171794766 19.878425024774 0, -98.2555813915105 19.8784338486081 0, -98.2555881180954 19.8784342101783 0, -98.2556662616436 19.8784709534802 0, -98.2556625174655 19.8785036502301 0, -98.2556491676021 19.8786202244289 0, -98.2556320735605 19.8788383894088 0, -98.2557492884337 19.8788625021928 0, -98.2558835973485 19.8789359894341 0, -98.2560435468764 19.8789359894341 0, -98.2562129673424 19.8789772598349 0, -98.256246231059 19.8789853630348 0, -98.2563610043113 19.8790875560752 0, -98.2563719161471 19.8791140207073 0, -98.2564074013974 19.8792000824741 0, -98.2564473306135 19.8792579722787 0, -98.2564660092832 19.8792850518863 0, -98.2564257162494 19.8793596869948 0, -98.2562584409604 19.8794481005092 0, -98.2561314578068 19.8796203351447 0, -98.2560557567778 19.8797271200178 0, -98.255827431982 19.8799705441481 0, -98.255669924075 19.8800888110545 0, -98.255584455664 19.8801347401233 0, -98.2554745665519 19.8801312959504 0, -98.2553646774398 19.8801726319328 0, -98.2553272167941 19.8801739531702 0, -98.2552921384806 19.8801751899296 0, -98.2552669982291 19.8801760769495 0, -98.2551119328414 19.8800578092635 0, -98.254848199152 19.8797764942168 0, -98.2547700565021 19.8796857839192 0, -98.2547700717735 19.8796857256291 0, -98.2547590674112 19.8796765977426 0, -98.2546589465796 19.8795055120752 0, -98.2546967970941 19.8793424635113 0, -98.2547414119226 19.8792507814615 0, -98.2547773822632 19.879164487406 0))"
CEBADA,AGC_115,1.93,Chignahuapan,Puebla,ENTRENAMIENTO,"POLYGON Z ((-98.2729816696307 19.8590671117723 0, -98.2729432100584 19.859123092711 0, -98.2728003617586 19.8592074941324 0, -98.2727912393669 19.8592121021769 0, -98.2727789540071 19.8592183070685 0, -98.2727139195737 19.8592156245344 0, -98.2726031564009 19.8591097949375 0, -98.2691296577598 19.8557171533913 0, -98.2691835737448 19.8556642374348 0, -98.2693828299563 19.8555413179653 0, -98.2694250247235 19.8555192699798 0, -98.2695211363741 19.855611873188 0, -98.2695180228133 19.8556156803606 0, -98.2729578615807 19.859015437237 0, -98.2729816696307 19.8590671117723 0))"
CEBADA,AGC_191,1.75,Chignahuapan,Puebla,PREDICCION,"POLYGON Z ((-98.2516463187135 19.8777817874817 0, -98.2517022891456 19.8777470706806 0, -98.251747541778 19.8779508931263 0, -98.2517360532239 19.8780326943921 0, -98.2517308699447 19.8780696033663 0, -98.2517356328123 19.8782219100285 0, -98.2517916032444 19.8784492508228 0, -98.2517927944105 19.8785578815056 0, -98.2517582595777 19.8788916118931 0, -98.2517999396102 19.8789039305881 0, -98.2518885143956 19.8788751368408 0, -98.2518963989088 19.8788725737544 0, -98.2519392701074 19.8789173694706 0, -98.2518809182415 19.8791581472844 0, -98.2518023210441 19.8792678976672 0, -98.2518023210441 19.8791312704039 0, -98.2517934052648 19.8791213610578 0, -98.2516320283139 19.8789420068557 0, -98.251660609113 19.8788412160696 0, -98.2516225016804 19.8787740224582 0, -98.2515046067825 19.8785690800357 0, -98.2514295821849 19.8785153252255 0, -98.2513509858857 19.8785780398729 0, -98.251345031852 19.8788031397778 0, -98.2514629267499 19.8788322570921 0, -98.2515701038482 19.8791055120163 0, -98.2516915713459 19.8792130229077 0, -98.2516773132857 19.8792410588206 0, -98.2516522727472 19.879290295471 0, -98.2516414228952 19.8792780638189 0, -98.2514486363504 19.8790607163533 0, -98.2511711665221 19.8786889100027 0, -98.2510985242566 19.8786418738411 0, -98.2511199589576 19.8787986598656 0, -98.2511902197892 19.8788792931971 0, -98.2512318998218 19.8790528775756 0, -98.2513676577191 19.8791973436774 0, -98.2514641170177 19.8793664486561 0, -98.2515017321736 19.8794220921168 0, -98.2515701038482 19.8795232339637 0, -98.2514879349491 19.879495236116 0, -98.2514105307144 19.8794687048096 0, -98.2512330909879 19.8794078845227 0, -98.251000873792 19.8793630889451 0, -98.2508436802953 19.8793664486561 0, -98.2506614785995 19.8793899657863 0, -98.2503114617272 19.8795299086053 0, -98.2501765608226 19.8796209332517 0, -98.2501266162895 19.8796514248788 0, -98.2499875481003 19.8797363273111 0, -98.2499557971466 19.8797388684192 0, -98.2499576809138 19.8797337735312 0, -98.2499648261135 19.8797057765655 0, -98.2499776172249 19.8796605350263 0, -98.2500446135788 19.8794235628874 0, -98.2501101115428 19.8792242213915 0, -98.2501522227666 19.8791801565021 0, -98.2501946618756 19.8791357494619 0, -98.2502184789087 19.8789957623659 0, -98.2502863583065 19.8787684223557 0, -98.250354236806 19.8786239558629 0, -98.2503887725372 19.8785366029445 0, -98.2505685919008 19.8785052460381 0, -98.2506090807673 19.8784604502053 0, -98.2505022603003 19.8784604502053 0, -98.2504447420709 19.8784604502053 0, -98.2504447420709 19.8784290924391 0, -98.2505161940686 19.8783932555877 0, -98.2506356080176 19.878386888402 0, -98.2507472200984 19.878380936853 0, -98.2508389165294 19.8783663777327 0, -98.2509758655928 19.8784156535152 0, -98.2511187686898 19.8783518194558 0, -98.2510789463733 19.878567333011 0, -98.251232900545 19.8786633762571 0, -98.2512938718983 19.8785608830429 0, -98.2513761845278 19.878451938945 0, -98.251335028213 19.8783042906811 0, -98.2514234377083 19.8781953464068 0, -98.25147221533 19.8780118609662 0, -98.2515850131869 19.8779007664926 0, -98.2516088311184 19.8778466093341 0, -98.2516463187135 19.8777817874817 0))"
CEBADA,AGC_085,5.5,Chignahuapan,Puebla,PREDICCION,"POLYGON Z ((-98.2530279240272 19.8511671100249 0, -98.2530218909418 19.8512471270859 0, -98.2529331984771 19.8516449422956 0, -98.2523026979287 19.854700877347 0, -98.2522001282895 19.8546566130009 0, -98.2521204863514 19.8546276712143 0, -98.2519714585407 19.8545306316145 0, -98.2516705759211 19.8542700495234 0, -98.2514782582969 19.8541370448578 0, -98.251312336769 19.8540483747371 0, -98.2511521096616 19.8539353387441 0, -98.2510398867264 19.8538263811059 0, -98.2510519537957 19.8537526076273 0, -98.2511380267729 19.8532994230726 0, -98.2512770033339 19.8525676875075 0, -98.2515098484522 19.8512155358055 0, -98.2515388891887 19.8510527775374 0, -98.2515393563126 19.8510527800722 0, -98.2515412706225 19.8510382877275 0, -98.2516522871202 19.8510354504318 0, -98.2522488690802 19.8510568273161 0, -98.2522858042114 19.851058150486 0, -98.2526363501915 19.851075175102 0, -98.2529889479237 19.8510889543175 0, -98.2529942722384 19.8510902242561 0, -98.2530163636078 19.8510954915864 0, -98.2530279240272 19.8511671100249 0))"
CEBADA,AGC_188,2.34,Chignahuapan,Puebla,PREDICCION,"POLYGON Z ((-98.2408406835868 19.8534656102699 0, -98.2408107732811 19.8535600523836 0, -98.2407618492341 19.8535806245614 0, -98.2407199769621 19.8535982319034 0, -98.2404443810194 19.8536494722232 0, -98.2402585150956 19.8536755938381 0, -98.2401666497814 19.8535248875396 0, -98.2400705111813 19.8535178552459 0, -98.2400331250958 19.8535590477704 0, -98.2399626235157 19.8537499427442 0, -98.2398355074114 19.8537891259851 0, -98.2390642678074 19.8538875871956 0, -98.2388084886999 19.8539140425151 0, -98.2387484291367 19.8538817547058 0, -98.2386639928898 19.8538492877665 0, -98.2386423291185 19.8538393616318 0, -98.2382759368568 19.8536876508766 0, -98.2381263889216 19.8535952172197 0, -98.2381092984733 19.8535198644727 0, -98.2381851405378 19.8534575725147 0, -98.2382401668405 19.8534736928055 0, -98.2383806211301 19.8535148405606 0, -98.2384596674852 19.8534776664794 0, -98.2386369886341 19.8534475255315 0, -98.2388036279159 19.8534414970033 0, -98.2387267168562 19.8533782004002 0, -98.2386882617756 19.8532656725742 0, -98.238778161576 19.8531799101978 0, -98.2389039526652 19.8531419722259 0, -98.2390745095 19.8530108744569 0, -98.2391313890271 19.8529248643794 0, -98.2392359592144 19.8528158088807 0, -98.2393597811965 19.8526779463533 0, -98.2395120438405 19.8525581905161 0, -98.2395802987342 19.8525730054845 0, -98.2396673679431 19.8525437870263 0, -98.2397041207163 19.8524845262886 0, -98.2397916283031 19.8524273229304 0, -98.23986469637 19.8523721777988 0, -98.2399141378466 19.8522943986784 0, -98.2398983858881 19.8522746450706 0, -98.2398638214109 19.8522330804435 0, -98.2398506952279 19.8521446010581 0, -98.2398786984103 19.8521119242207 0, -98.2399088871937 19.8520766982209 0, -98.2399452024874 19.8520425402058 0, -98.2399876344099 19.8520213882059 0, -98.2399889558316 19.8520207291598 0, -98.2400075572462 19.8520247865181 0, -98.2400191455134 19.8520273137065 0, -98.2400508838907 19.852062799956 0, -98.2401105904161 19.8521896637188 0, -98.2403055158496 19.8525513212506 0, -98.2403973802655 19.8527261418527 0, -98.2403970829231 19.8527296432309 0, -98.2403909716842 19.8528014949766 0, -98.2403161977166 19.8528326415099 0, -98.240087602528 19.8528657972722 0, -98.2398440530847 19.8528838820768 0, -98.2396485733907 19.8529079954282 0, -98.2394530927984 19.8529592351259 0, -98.2393174310208 19.8529753106862 0, -98.2391935201054 19.8531149658865 0, -98.2391176780409 19.8531953427481 0, -98.2390119265691 19.8532877766378 0, -98.2389499706622 19.8533058613944 0, -98.2389083112909 19.8533098798534 0, -98.2388751966946 19.853349063203 0, -98.2389531749529 19.8534113560485 0, -98.2390664048995 19.8534334592469 0, -98.2391678830855 19.8533942759181 0, -98.2392736354557 19.8533229415343 0, -98.2393836593151 19.8531410884343 0, -98.2395075711288 19.8530998949563 0, -98.2396613914515 19.8530627207778 0, -98.2398696901046 19.8530195180463 0, -98.2399476683629 19.8530376028335 0, -98.2400908077169 19.8531330506628 0, -98.2404176759027 19.8532214652827 0, -98.2405917927609 19.8532485924282 0, -98.2405405196195 19.8531863003637 0, -98.2402456961365 19.8531350598944 0, -98.240075852564 19.8530295650567 0, -98.240065170697 19.8529803346153 0, -98.2402467642333 19.8529511973451 0, -98.2405266325635 19.8530024378738 0, -98.2405795702832 19.8530598590155 0, -98.2406590891521 19.8531461123582 0, -98.2408406835868 19.8534656102699 0))"
CEBADA,AGC_126,5.75,Chignahuapan,Puebla,PREDICCION,"POLYGON Z ((-98.2458521024859 19.8956113041472 0, -98.2458397874817 19.8956228841201 0, -98.2458158051585 19.8956314172646 0, -98.2457626554365 19.8956338550645 0, -98.2457133954195 19.8956862702868 0, -98.2436331029357 19.8965897459379 0, -98.24257634909 19.8970656775789 0, -98.2425581842566 19.8970719696809 0, -98.2423880092058 19.8971446299687 0, -98.2422480256334 19.8972044002524 0, -98.2421309257446 19.8972341595271 0, -98.2420818696452 19.897241599556 0, -98.2420249020831 19.8971954718777 0, -98.2419758468821 19.8971047056703 0, -98.2418903946407 19.8968696052823 0, -98.2416754358781 19.8964116641977 0, -98.2416085940344 19.896284055327 0, -98.2416237854441 19.8962373918328 0, -98.2419721754676 19.8960623193489 0, -98.2423844096565 19.8958642388089 0, -98.2425095054497 19.895816089368 0, -98.2437556475135 19.8951488985564 0, -98.2444365058202 19.8948195872737 0, -98.2446912356954 19.8946830621185 0, -98.2449135570501 19.8945629942186 0, -98.2450075414901 19.8945239866182 0, -98.2450496724769 19.8945300820051 0, -98.2451799533459 19.8947537629466 0, -98.2453050500374 19.8948092253036 0, -98.2458304512909 19.8955838810043 0, -98.2458521024859 19.8956113041472 0))"
CEBADA,AGC_097,2.35,Chignahuapan,Puebla,ENTRENAMIENTO,"POLYGON Z ((-98.2180114675898 19.8603895647101 0, -98.2177183940249 19.8619319758747 0, -98.2175681472004 19.8627671281388 0, -98.2174001748187 19.8636157719462 0, -98.2173233625737 19.8639936510721 0, -98.2172895993938 19.8641278133894 0, -98.2172237609683 19.8640333437723 0, -98.2170701373766 19.8639634842416 0, -98.2169511222795 19.8639785676575 0, -98.2169375595154 19.86392713382 0, -98.2169249552536 19.863879334587 0, -98.2169165146832 19.8638698078575 0, -98.2168793747361 19.8638896546467 0, -98.2168325967643 19.8639060357864 0, -98.216761111529 19.8638916662768 0, -98.2167614609736 19.8638893006471 0, -98.2167351223695 19.8638815295535 0, -98.2167610531385 19.863699977502 0, -98.2168522887337 19.8631589353064 0, -98.2169232718108 19.8627964232873 0, -98.2169416046291 19.8627027969063 0, -98.2169636933036 19.8625537610522 0, -98.2169733582778 19.8624581338631 0, -98.2169877025762 19.8623162065669 0, -98.2170222760366 19.8620840716141 0, -98.217033651403 19.8620509067949 0, -98.2170702954801 19.8619440677706 0, -98.217085661163 19.8617480618441 0, -98.2171058292395 19.8616794145538 0, -98.2171064365006 19.8615954605444 0, -98.2171067895385 19.8615466366138 0, -98.2171365615037 19.8614788924137 0, -98.217215312313 19.8613714049803 0, -98.2173132717981 19.8611970771769 0, -98.2174381205546 19.8610390072648 0, -98.2175533663207 19.8609568111187 0, -98.2176705326849 19.8607282869028 0, -98.2177982632369 19.8605196340704 0, -98.2179461618652 19.8603480148822 0, -98.2180114675898 19.8603895647101 0))"
CEBADA,AGC_043,7.15,Chignahuapan,Puebla,PREDICCION,"POLYGON Z ((-98.2624087727228 19.8512695119491 0, -98.2624060202847 19.8513139614357 0, -98.2624053393618 19.8513249489663 0, -98.2603031010356 19.8528166445133 0, -98.2596288812788 19.8532950505901 0, -98.2595814071127 19.853328736868 0, -98.2588244597049 19.8523659346177 0, -98.2587922721699 19.8522877245802 0, -98.2589471758609 19.8518338641211 0, -98.2590547473195 19.8514817079252 0, -98.2609792467802 19.8501003542555 0, -98.2612993353806 19.8498816993832 0, -98.2613077966122 19.849880880634 0, -98.261317765217 19.849879914865 0, -98.2623898721692 19.8512393359394 0, -98.2624087727228 19.8512695119491 0))"
CEBADA,AGC_185,11.88,Chignahuapan,Puebla,ENTRENAMIENTO,"POLYGON Z ((-98.2837937681359 19.8636853029761 0, -98.2837115318632 19.8637433108142 0, -98.2837078011598 19.8637463033384 0, -98.283207150289 19.8641479828853 0, -98.2813842969993 19.8656335078289 0, -98.2812210461627 19.8657552780748 0, -98.2812017907746 19.8657749852266 0, -98.2811575469503 19.8657843479393 0, -98.2811022421698 19.8657427370052 0, -98.2804253633998 19.8649799484889 0, -98.2797276248507 19.8642346179928 0, -98.2792809375756 19.8637346137374 0, -98.2791690883396 19.8636234273058 0, -98.2792625319938 19.8635415358072 0, -98.2811406011307 19.8620361839583 0, -98.2818964445091 19.861412174715 0, -98.2819317833341 19.861393000141 0, -98.2819902277265 19.8614475414269 0, -98.2821030390581 19.8615877315823 0, -98.2821027560888 19.8615880906563 0, -98.2835224724285 19.8633305075198 0, -98.2837036958589 19.8635431334556 0, -98.2837721070594 19.8636279279238 0, -98.2837937681359 19.8636853029761 0))"
CEBADA,AGC_108,3.79,Chignahuapan,Puebla,ENTRENAMIENTO,"POLYGON Z ((-98.2185896655274 19.8896427159577 0, -98.2184792517992 19.8897671218972 0, -98.2183320331955 19.8899364267752 0, -98.2178824192093 19.8903395765032 0, -98.2173532279637 19.8908671302802 0, -98.2171453308574 19.8910906854642 0, -98.217089627225 19.8911860943339 0, -98.2170637638297 19.8912908559046 0, -98.2169623027116 19.8912450229899 0, -98.2167981733226 19.8911851583816 0, -98.2167056648147 19.8911224884271 0, -98.2165924528344 19.890936815765 0, -98.2164846720683 19.890723732416 0, -98.2162738311829 19.8903068965565 0, -98.2161650478969 19.8901126405023 0, -98.2160717362951 19.8899460119136 0, -98.2160599207542 19.8898237922746 0, -98.2160664398282 19.8897751350038 0, -98.216174003202 19.8898176629173 0, -98.2162359330577 19.8898418002168 0, -98.2162444230354 19.8898412883108 0, -98.2163312739537 19.8898360526779 0, -98.2164021680976 19.8898195779191 0, -98.2164192801055 19.889808084529 0, -98.2164264109322 19.8898059735497 0, -98.2164607885598 19.8897957996263 0, -98.2164944996375 19.889764884208 0, -98.2164997592735 19.8897734506127 0, -98.2168738491988 19.8894895831467 0, -98.2171442124549 19.889273588592 0, -98.2175110152467 19.8889783568687 0, -98.2176774577974 19.8888797856724 0, -98.2178762648513 19.88876204822 0, -98.2180094886012 19.8887958528277 0, -98.2180721002782 19.8888117406023 0, -98.2183578956926 19.8889711073613 0, -98.2184623419124 19.8889748486883 0, -98.2185200353131 19.889273238028 0, -98.2185565482362 19.8894551206412 0, -98.2185568401887 19.8894565735793 0, -98.2185826074643 19.8896026884 0, -98.2185896655274 19.8896427159577 0))"
CEBADA,AGC_181,1.49,Chignahuapan,Puebla,ENTRENAMIENTO,"POLYGON Z ((-98.2603081046517 19.8755358545592 0, -98.2603023563322 19.8755605676578 0, -98.2602921577588 19.8756044113698 0, -98.2602909369483 19.8756096609899 0, -98.260217360435 19.8756823142276 0, -98.2601739745017 19.8757162213132 0, -98.2601512767694 19.8757329678762 0, -98.2601353604192 19.8757456914781 0, -98.2601009396725 19.8757732059154 0, -98.2601009082314 19.8757738741556 0, -98.2599542420916 19.8758886585336 0, -98.2598889453502 19.8759203065703 0, -98.2597794479036 19.8758239448601 0, -98.2594960060753 19.8755223756841 0, -98.2594308656408 19.8754451114212 0, -98.2594574863159 19.8753860653733 0, -98.259331414054 19.8752221559364 0, -98.2592620946568 19.8750837891045 0, -98.2592360668697 19.8749146685733 0, -98.2592351173505 19.8749084980883 0, -98.2592020072457 19.8748416103201 0, -98.2591889241819 19.8748436133631 0, -98.2591492779352 19.8748496833183 0, -98.2591272054303 19.8747735693583 0, -98.259117482964 19.87473593308 0, -98.2590744752215 19.8745694471425 0, -98.259041366015 19.8744264467941 0, -98.2591149425284 19.874327268417 0, -98.2591228333298 19.8743219477902 0, -98.2593185034667 19.8741900328531 0, -98.2593375558356 19.874180985752 0, -98.2594423568899 19.8741312178164 0, -98.2595711151145 19.8740666369058 0, -98.2596483702289 19.8739789908595 0, -98.259662055164 19.8739881832801 0, -98.2596827056357 19.8740020551241 0, -98.2597342096442 19.8741450567002 0, -98.2598470263658 19.8744229864458 0, -98.2600567192043 19.874936175719 0, -98.2602382067394 19.8753917010772 0, -98.2603081046517 19.8755358545592 0))"
CEBADA,AGC_153,1.99,Chignahuapan,Puebla,PREDICCION,"POLYGON Z ((-98.2618559701582 19.8638119377792 0, -98.2618261730402 19.8638509520958 0, -98.2613254646773 19.8640432751832 0, -98.2611980970447 19.8641064669918 0, -98.2611408402251 19.8641108628325 0, -98.2600263597409 19.8622771217479 0, -98.2600266211507 19.8622770778144 0, -98.2600220172848 19.8622696454371 0, -98.2600219382331 19.8622695170159 0, -98.2600435903264 19.8622390837214 0, -98.2601322666213 19.862174880696 0, -98.260339495381 19.8620366469513 0, -98.2605538019667 19.8619014428198 0, -98.2606147517604 19.8618638127795 0, -98.2606360651889 19.8618581858883 0, -98.2606400968279 19.8618621652663 0, -98.2606457436378 19.8618677389299 0, -98.2606738321601 19.8618954636157 0, -98.2618559701582 19.8638119377792 0))"
CEBADA,AGC_006,3.84,Chignahuapan,Puebla,ENTRENAMIENTO,"POLYGON Z ((-98.2376722914437 19.8983150354635 0, -98.2376207137734 19.8983611966029 0, -98.2373615866449 19.898504936404 0, -98.2360572463271 19.8993025180351 0, -98.2358378885144 19.899419962993 0, -98.2357229284126 19.899486574309 0, -98.2357111272447 19.8994677650196 0, -98.2357083334842 19.8994694442395 0, -98.2349305559415 19.8983611112899 0, -98.235061892331 19.8982820328041 0, -98.2365223598452 19.8973862129376 0, -98.2369403450486 19.8971356585114 0, -98.2369828138019 19.897125430154 0, -98.2370483944109 19.8971096352849 0, -98.2370536899795 19.897108359802 0, -98.2371352192781 19.8972422372969 0, -98.2373854719499 19.8977270353487 0, -98.237604557573 19.8981514284986 0, -98.2376227457626 19.8981953614072 0, -98.2376636101248 19.8982940661771 0, -98.2376722914437 19.8983150354635 0))"
CEBADA,AGC_036,5.0,Chignahuapan,Puebla,PREDICCION,"POLYGON Z ((-98.2525640367094 19.8550825747565 0, -98.2524112422628 19.8558538287135 0, -98.252106965808 19.8574833359324 0, -98.2521015822045 19.8575121682058 0, -98.2520938539981 19.8575409041552 0, -98.2520606864012 19.8575511004268 0, -98.2507185108403 19.8575949094084 0, -98.2506073272559 19.8576031919753 0, -98.2511555367344 19.8548729098936 0, -98.2512780139386 19.8542469156402 0, -98.2513114788779 19.8542101388425 0, -98.251339307787 19.8542084819558 0, -98.2514717580875 19.8542701078228 0, -98.2515291766038 19.8543224573038 0, -98.2515289412452 19.8543256223692 0, -98.2516375583428 19.8544158520539 0, -98.2517794607167 19.8545234346064 0, -98.2519213630905 19.8546358711343 0, -98.2520237054559 19.85471756952 0, -98.2521871081078 19.8547968412644 0, -98.2524141528043 19.8549472954149 0, -98.2525250947419 19.8550152426492 0, -98.2525372776937 19.8550281335169 0, -98.2525424034807 19.8550335570258 0, -98.2525640367094 19.8550825747565 0))"
CEBADA,AGC_109,3.14,Chignahuapan,Puebla,ENTRENAMIENTO,"POLYGON Z ((-98.2220647568816 19.8626585576047 0, -98.2220523116216 19.8626972351003 0, -98.2218851108927 19.8628845140047 0, -98.2214596103837 19.8632802833272 0, -98.221221923346 19.8634755489438 0, -98.2209820551988 19.8637036957693 0, -98.2209224906073 19.8637203058877 0, -98.2205540007795 19.8637298123493 0, -98.2202780392225 19.8637349018376 0, -98.2201552089804 19.8637471152571 0, -98.2200204742642 19.8637466066462 0, -98.2198078214769 19.8637593295204 0, -98.2196114012468 19.8637740876815 0, -98.2192775414731 19.8637817210669 0, -98.2191936711649 19.8637893544519 0, -98.2191541704453 19.8637771410357 0, -98.2191460541667 19.863710982762 0, -98.2193363020725 19.863136023231 0, -98.2193419327127 19.8630952032471 0, -98.2193592477398 19.8630035988222 0, -98.2194474479276 19.8626926550378 0, -98.2195448459657 19.8624147892164 0, -98.2195811001739 19.8623369254626 0, -98.2196202074315 19.8622842541937 0, -98.2196300682384 19.8622709744276 0, -98.2197374780003 19.8622738199712 0, -98.2198862812321 19.8622565169027 0, -98.2200031592371 19.8622331070647 0, -98.2200383309754 19.8622361604485 0, -98.2201010989593 19.8622682218205 0, -98.2201611612175 19.862319622401 0, -98.22023096301 19.8624076643804 0, -98.2203050937839 19.8625420164464 0, -98.2204030335061 19.8626743339416 0, -98.2204470554466 19.8627633270519 0, -98.2204501088202 19.8627695005442 0, -98.2205334392409 19.8628117399994 0, -98.2206102757404 19.8628692471472 0, -98.2207011807556 19.8628723005188 0, -98.2207202528874 19.8628637765933 0, -98.2208537712847 19.8628041065673 0, -98.2210046370485 19.8627010513965 0, -98.2211195082171 19.8626348352224 0, -98.2211356850787 19.8626255103431 0, -98.2211555603044 19.86261058479 0, -98.221244751334 19.8625436073459 0, -98.2212625954688 19.862538587944 0, -98.2213352161747 19.8625181614014 0, -98.2213592838378 19.8625150218457 0, -98.2213981198042 19.8625099551299 0, -98.2215171618507 19.8625272581707 0, -98.2218061103517 19.8625862921102 0, -98.2219641114338 19.8626249696235 0, -98.2220647568816 19.8626585576047 0))"
CEBADA,AGC_077,6.08,Chignahuapan,Puebla,ENTRENAMIENTO,"POLYGON Z ((-98.2545220532117 19.8895616868575 0, -98.2544874590901 19.8896126038483 0, -98.2519034488872 19.8909597778836 0, -98.2518154607017 19.8909788711662 0, -98.2516921103351 19.8910254618745 0, -98.2516357230847 19.8910467598761 0, -98.2516155990257 19.8910658548376 0, -98.2515529981285 19.8911252565829 0, -98.2513664926042 19.8912334545229 0, -98.2512368163013 19.8913102304395 0, -98.251220227113 19.8912946309656 0, -98.2512188571822 19.8912933427651 0, -98.2511319029576 19.8911309136897 0, -98.2510402478492 19.8909463856378 0, -98.250733556723 19.8902723582034 0, -98.2507058248318 19.8902059786895 0, -98.2507041800166 19.8902060597834 0, -98.2506019490423 19.8899684918359 0, -98.2505843231981 19.8898966696051 0, -98.2506528520779 19.8898501875348 0, -98.2506540243793 19.8898493926445 0, -98.2506560024696 19.8898480503695 0, -98.250662799123 19.8898451149349 0, -98.2509732694616 19.8897110343633 0, -98.2514444699641 19.889492250808 0, -98.2517288343622 19.889338659162 0, -98.2520696030787 19.8891983279835 0, -98.2523727692158 19.8890889358895 0, -98.2534729566055 19.8885702155085 0, -98.2536699912833 19.8885030327814 0, -98.2537299664049 19.8885486020872 0, -98.2538298473864 19.8886723601292 0, -98.25382867239 19.8887399398101 0, -98.2538572495958 19.8887844928314 0, -98.2540226986099 19.8889330014043 0, -98.2543851814034 19.8893594328119 0, -98.2544836987423 19.8894513666546 0, -98.2545131625854 19.8895361143172 0, -98.2545220532117 19.8895616868575 0))"
CEBADA,AGC_177,5.66,Chignahuapan,Puebla,PREDICCION,"POLYGON Z ((-98.2542678021386 19.8511533586992 0, -98.2542210160819 19.8512093094776 0, -98.2537210973381 19.8540780618488 0, -98.2535553132524 19.8550346613295 0, -98.2535280889094 19.8550652624545 0, -98.2535279092463 19.8550654643891 0, -98.2534942718305 19.8550745041316 0, -98.2534858016157 19.8550767803317 0, -98.2533146968086 19.8550585496067 0, -98.252965804627 19.8550120302823 0, -98.2527345459335 19.8549736829645 0, -98.2526556774448 19.8549504224467 0, -98.2525480691553 19.8548869295802 0, -98.2524718740529 19.8548165210505 0, -98.2523789047091 19.8547540251319 0, -98.2523086295045 19.8547067858492 0, -98.2523032081718 19.8547005098082 0, -98.2523033087831 19.854700005393 0, -98.2523034776663 19.8547000341201 0, -98.2525889398057 19.8533393246102 0, -98.2528132545221 19.8522410751692 0, -98.2529419022539 19.8516320612923 0, -98.2530044753034 19.8513631476124 0, -98.2530262046518 19.8512574251542 0, -98.2530325916734 19.8512178289597 0, -98.2530290442264 19.8511874045293 0, -98.2530283902528 19.8511657615079 0, -98.2530187666012 19.851109009715 0, -98.2530164767956 19.8510955067953 0, -98.2530217355332 19.8510941109612 0, -98.2530282806584 19.8510923729281 0, -98.2530407366981 19.8510915795333 0, -98.2533835400987 19.8510697463883 0, -98.2541154128321 19.8510596882696 0, -98.2542170060025 19.8510596882696 0, -98.2542631237125 19.8510879775715 0, -98.2542678021386 19.8511533586992 0))"
CEBADA,AGC_105,2.99,Chignahuapan,Puebla,ENTRENAMIENTO,"POLYGON Z ((-98.2592277870977 19.8507350381531 0, -98.2591985559184 19.8508253763415 0, -98.2591366772667 19.8509831995689 0, -98.2590672060542 19.8511542348974 0, -98.2589795125161 19.8513713308024 0, -98.2589162028482 19.8513701749321 0, -98.2588998472218 19.8513687427683 0, -98.2576234229498 19.8512569579051 0, -98.2557763133508 19.8510934890884 0, -98.2555378618468 19.8510700564798 0, -98.2554619371373 19.8510745194317 0, -98.2554560145446 19.8510379091961 0, -98.2554494810976 19.8509975271561 0, -98.2554358383834 19.8508022563201 0, -98.2554299068075 19.8506125643726 0, -98.2554100693111 19.8504957465198 0, -98.2554026213791 19.8504518840368 0, -98.2553972826914 19.8503687538169 0, -98.2554032484032 19.850354214938 0, -98.2554053324946 19.8503491360047 0, -98.2554236042275 19.8503482158652 0, -98.2554426431216 19.8503485851039 0, -98.2555135058245 19.8503499589761 0, -98.2557201857135 19.8503673943089 0, -98.2562671025163 19.8504342112854 0, -98.2563837864852 19.8504484662573 0, -98.2564186348301 19.8504499491258 0, -98.2565682231895 19.8504563123636 0, -98.2566664656439 19.8504458511701 0, -98.2569046584331 19.8504667735565 0, -98.2572058734293 19.8504937972453 0, -98.2584301253463 19.8506571973948 0, -98.2589605311142 19.8507089726649 0, -98.2591446489165 19.8507125433726 0, -98.2592148792054 19.8507228980864 0, -98.2592277870977 19.8507350381531 0))"
CEBADA,AGC_182,4.13,Chignahuapan,Puebla,PREDICCION,"POLYGON Z ((-98.2464487985319 19.8478466139891 0, -98.2464222083995 19.8479146445341 0, -98.2461956550815 19.848104729229 0, -98.2459544107153 19.8483245145584 0, -98.2457849704864 19.8485340621756 0, -98.2455040295678 19.8483370198272 0, -98.2453833741471 19.8482487511974 0, -98.2453394995303 19.8482166540394 0, -98.2453145380435 19.84817325396 0, -98.2452846564839 19.8481212987328 0, -98.2449904959576 19.8478102226968 0, -98.2448492331842 19.8477430049525 0, -98.2446996600961 19.8476773511898 0, -98.244457019748 19.8476632818589 0, -98.2443290520408 19.8476929828394 0, -98.2440515112456 19.8477508216192 0, -98.2438404466797 19.8478133490242 0, -98.2436642834592 19.8478211648425 0, -98.2432589743828 19.847793590634 0, -98.2426995054205 19.8476775387696 0, -98.2424495518876 19.8476215132351 0, -98.2424389158347 19.8476535277079 0, -98.2431685652377 19.8478336084694 0, -98.2434780815654 19.8478616203568 0, -98.2434642546966 19.8479196466547 0, -98.2433525734455 19.8479566631868 0, -98.2432759920676 19.8479916788631 0, -98.2433184518378 19.8480416611694 0, -98.2435512592268 19.848108250988 0, -98.2436301807161 19.8481467478313 0, -98.2437163345417 19.8481577524802 0, -98.2438460979811 19.8482307850027 0, -98.2439131060131 19.8482928128527 0, -98.2440141512112 19.8483948583724 0, -98.2441173227216 19.848350838993 0, -98.2444023761276 19.8483128221312 0, -98.2445821290159 19.8483438351983 0, -98.2445534107746 19.8484828970946 0, -98.244540635833 19.8485505961468 0, -98.2445287771729 19.8486134350229 0, -98.2445006374466 19.8486495870105 0, -98.2444729585561 19.8486851466809 0, -98.2444423260049 19.8487478942493 0, -98.2444300729844 19.848823447825 0, -98.2444299930344 19.84882442205 0, -98.2444232655512 19.8489066844727 0, -98.2443119669824 19.8492372292913 0, -98.244240703631 19.8494163078413 0, -98.2441694411778 19.849555368798 0, -98.2440928597998 19.8496934292199 0, -98.2439896873911 19.8496083915647 0, -98.2438195069504 19.8496073911512 0, -98.2436674077998 19.8495873828808 0, -98.2435631717858 19.8495383617628 0, -98.2434451089029 19.8494503227811 0, -98.2433121555459 19.8493182654844 0, -98.2432547199616 19.849220222222 0, -98.2432579107775 19.8490481463697 0, -98.2432664250098 19.8489888209557 0, -98.2432866281205 19.8488480586226 0, -98.243263228804 19.8487149995608 0, -98.2432206836938 19.8487089970462 0, -98.2432168083617 19.8489021656933 0, -98.2432096200428 19.8488896114621 0, -98.2432148835968 19.8487822186962 0, -98.2431504839476 19.8487410112997 0, -98.2431119399337 19.8487190147563 0, -98.2430558212796 19.8486869878241 0, -98.2429643485292 19.8485699361929 0, -98.2429611577133 19.848512910553 0, -98.2429886425677 19.8485036777882 0, -98.2430356118807 19.8484878991973 0, -98.2432462102209 19.8484999050879 0, -98.2436003988695 19.8484748937301 0, -98.2439248056714 19.8484288735311 0, -98.2439482058862 19.8484088642672 0, -98.2438897066966 19.8483308297193 0, -98.2437439891777 19.8482197803588 0, -98.243529135518 19.8481387444498 0, -98.2432876917258 19.8480917237304 0, -98.2432228109044 19.848016690297 0, -98.2431015572057 19.848008686064 0, -98.2428526672781 19.8479336525914 0, -98.2426378145167 19.8478816296896 0, -98.2424910333925 19.8478396110171 0, -98.2424167391252 19.8478053059131 0, -98.2423740341149 19.8477855863897 0, -98.2423740341149 19.8477575744889 0, -98.2426112234859 19.8470102382692 0, -98.242633783776 19.8470037887075 0, -98.2426817493206 19.8469900767341 0, -98.2427197139211 19.8469792240966 0, -98.2427877864567 19.8469922296864 0, -98.2429058493396 19.8470252447159 0, -98.2430590120955 19.8470452541542 0, -98.243197283479 19.847084271749 0, -98.2432706740411 19.8471252901923 0, -98.2433998356093 19.8471606491044 0, -98.2434132007441 19.8471643077674 0, -98.2434190029625 19.8471652017317 0, -98.2436014624748 19.8471933210465 0, -98.2438737517189 19.8472433433172 0, -98.2441981585208 19.8473383856725 0, -98.2444832119267 19.8473774031952 0, -98.244798046281 19.8474634424728 0, -98.2447934945175 19.8474916943927 0, -98.2447927273562 19.8474964574043 0, -98.2447735824609 19.8475124642317 0, -98.2447225285083 19.8475204676448 0, -98.2446863650299 19.847511463805 0, -98.2446587103939 19.8475384761677 0, -98.2446725372628 19.8475724915099 0, -98.2447842185138 19.8475794944937 0, -98.2448076187287 19.8475965017388 0, -98.2447565647761 19.847636519624 0, -98.2447895365403 19.8476905443021 0, -98.24485441826 19.8476665332424 0, -98.2449554634581 19.8476495260048 0, -98.2450490625208 19.8476275157908 0, -98.2450845154318 19.847560821841 0, -98.2450937348416 19.8475434783001 0, -98.2451830794831 19.8475234689246 0, -98.245339433055 19.8475484804323 0, -98.2454745145209 19.8476195123831 0, -98.2455760960132 19.8476775903118 0, -98.2456372497245 19.8477125536624 0, -98.2456697184321 19.8476998295014 0, -98.2457521217914 19.8476675336681 0, -98.245907411758 19.8476875430255 0, -98.2461222645194 19.8477385655656 0, -98.2463637083116 19.8477965919086 0, -98.2464487985319 19.8478466139891 0))"
CEBADA,AGC_096,12.87,Chignahuapan,Puebla,ENTRENAMIENTO,"POLYGON Z ((-98.2730997217338 19.879277333924 0, -98.2730347456909 19.8792851346753 0, -98.2727451171652 19.8792779835643 0, -98.2705480230332 19.8793726468454 0, -98.2693836348468 19.8793774410015 0, -98.2693318838016 19.8793706945468 0, -98.2693248194502 19.879358238188 0, -98.2693062171373 19.8793254377058 0, -98.2692999954057 19.8792506817768 0, -98.269286539541 19.8786559133908 0, -98.2692744203695 19.8781202469592 0, -98.2692785669929 19.8754784179005 0, -98.2692813320073 19.8753549055282 0, -98.2693163303708 19.8752565573327 0, -98.2693563763678 19.8752255419242 0, -98.2693927976627 19.8752131021358 0, -98.269462279655 19.8752346286716 0, -98.269337087742 19.875131134677 0, -98.2692483099375 19.8749971176849 0, -98.2691903919578 19.8749817286517 0, -98.2691174101292 19.8749465009727 0, -98.269117321196 19.8749445469299 0, -98.2690154225984 19.874886250886 0, -98.2683219582333 19.8746063543888 0, -98.2670007502494 19.874086992686 0, -98.2668467978744 19.8740270827325 0, -98.2680136052238 19.8729178029572 0, -98.2680889496217 19.8728410941611 0, -98.2681456315195 19.8728352437822 0, -98.2682189017073 19.872875548453 0, -98.2683426338579 19.8730042626194 0, -98.2687846463002 19.873500649707 0, -98.2689430588106 19.8736785485363 0, -98.2690305430412 19.8737709806263 0, -98.2690370234877 19.8738339556645 0, -98.2689581792535 19.8739213086405 0, -98.2688210118995 19.8740249132508 0, -98.2687778101209 19.8741224233111 0, -98.2687745698977 19.8743123650857 0, -98.268863825606 19.8745202233872 0, -98.2689336408732 19.8745858804019 0, -98.2690815646544 19.8747444960733 0, -98.2692141523971 19.8749451627955 0, -98.2693372790832 19.8751310400585 0, -98.2693379860573 19.8751315993213 0, -98.2694182837656 19.8751950308598 0, -98.2700179846763 19.8757204765945 0, -98.2718692696447 19.8777249244073 0, -98.2729727502582 19.8790232466714 0, -98.273067959102 19.8791970589844 0, -98.2730727632921 19.8792058287093 0, -98.2730769413565 19.8792169097684 0, -98.2730997217338 19.879277333924 0))"
CEBADA,AGC_176,7.15,Chignahuapan,Puebla,ENTRENAMIENTO,"POLYGON Z ((-98.2367657188455 19.8478603748959 0, -98.2366721009182 19.8481941707313 0, -98.2365361651544 19.8488576014633 0, -98.2365174550437 19.8491407761677 0, -98.236488539173 19.8492927624973 0, -98.2364102977084 19.8496559289402 0, -98.2363354581638 19.8498943067673 0, -98.2362487114501 19.8500014961075 0, -98.2361398536039 19.850179079095 0, -98.2361125816502 19.8501963657369 0, -98.23606224096 19.8502282757627 0, -98.2360616121393 19.8502286745747 0, -98.2359408471241 19.8502430732049 0, -98.2356210765274 19.85005589091 0, -98.2355651087902 19.8500153962428 0, -98.235466294109 19.849943901491 0, -98.2352502789275 19.849791915785 0, -98.2350903940783 19.849723122216 0, -98.2349951430138 19.8496351306537 0, -98.2347825297524 19.8496031334793 0, -98.2346073367124 19.8495263407417 0, -98.2344729649155 19.8494767458875 0, -98.2343015924105 19.8494743394855 0, -98.2342450434633 19.8494735460827 0, -98.2340154215003 19.849385553537 0, -98.2337041552544 19.8492351676236 0, -98.2336913632447 19.8492130300427 0, -98.2336616326021 19.8491615745191 0, -98.2335128392517 19.8491365826993 0, -98.233471130473 19.8491295772493 0, -98.2332942369222 19.8491199778136 0, -98.2330833241716 19.8490399850286 0, -98.2328043757163 19.8488608012805 0, -98.2327709637776 19.8488188986251 0, -98.2327640359702 19.8488102108695 0, -98.2328451969595 19.848766409602 0, -98.2332057896977 19.8484736347548 0, -98.2336803427128 19.8480448711425 0, -98.2338538352419 19.8478896837813 0, -98.2340494389035 19.8477184979129 0, -98.2341902713839 19.8476052791259 0, -98.2341934038092 19.8476054193884 0, -98.2344132970177 19.8476258977032 0, -98.2347050365844 19.8477303374058 0, -98.2350185477202 19.8477508157045 0, -98.2354518024868 19.8477917722941 0, -98.2355378009039 19.847954574464 0, -98.2355965839611 19.8479852918678 0, -98.23596452402 19.8479371684396 0, -98.2360396357542 19.8478962118876 0, -98.2361310770636 19.8478583267296 0, -98.2364086645712 19.8477835804701 0, -98.2366340006721 19.8477538871112 0, -98.2367428585182 19.8477600307691 0, -98.2367462532516 19.8477749315257 0, -98.2367657188455 19.8478603748959 0))"
CEBADA,AGC_155,2.24,Chignahuapan,Puebla,ENTRENAMIENTO,"POLYGON Z ((-98.2245264946963 19.8849628020799 0, -98.2244858019122 19.8850767113934 0, -98.224448681728 19.8851122899277 0, -98.2244120843634 19.8851473666698 0, -98.2243873824897 19.8851710426004 0, -98.2242984259204 19.8851621431136 0, -98.2241899552481 19.8851319414531 0, -98.2241290315056 19.8851149779369 0, -98.2239729528182 19.8851168718766 0, -98.22383566509 19.8851185377327 0, -98.2233833139371 19.8851140875655 0, -98.2232479872311 19.8850918401066 0, -98.2232164132455 19.88503310261 0, -98.2232076654512 19.8849986408243 0, -98.2232065380656 19.8849941982566 0, -98.2232047207738 19.8849190184007 0, -98.2232398484946 19.884894527243 0, -98.2233034429285 19.8847566968301 0, -98.2233009842396 19.8847417556209 0, -98.2232955691951 19.8847088548824 0, -98.2232495395199 19.884678098975 0, -98.2232111455247 19.8846951301186 0, -98.2232091530614 19.8846940961362 0, -98.2231435490962 19.8847191068503 0, -98.2231053931545 19.8847071459395 0, -98.2230735649456 19.8846588951144 0, -98.2230247693577 19.8843919187206 0, -98.2229473157156 19.8841074105739 0, -98.2229067370176 19.8839838179173 0, -98.2229588231344 19.8838545297835 0, -98.2230066701014 19.8837685279887 0, -98.2230672363144 19.8837087247564 0, -98.2231153833187 19.8836962349482 0, -98.2231374926545 19.883690499013 0, -98.2234767665744 19.8836852986568 0, -98.2238806356514 19.8836791082391 0, -98.2241277442197 19.8836842342564 0, -98.2241905436446 19.883724031845 0, -98.2242861234925 19.8838877778963 0, -98.2243078896719 19.8840639823023 0, -98.2244044163441 19.8841592044892 0, -98.2244451091282 19.8842900230776 0, -98.2244867478382 19.8845205120249 0, -98.2245151381945 19.8847545612856 0, -98.2245264946963 19.8849628020799 0))"
CEBADA,AGC_100,11.24,Chignahuapan,Puebla,ENTRENAMIENTO,"POLYGON Z ((-98.2933258706674 19.8590771617792 0, -98.2932736524982 19.8591390569658 0, -98.292424631367 19.8597753666069 0, -98.2916459105933 19.8603979763987 0, -98.2908065589278 19.8610503278507 0, -98.2907538197358 19.8610919383262 0, -98.2907203521016 19.8611092879903 0, -98.290716897181 19.8611072780147 0, -98.2906734825016 19.8610820210935 0, -98.2906391479931 19.8610409826011 0, -98.2896572202173 19.8598154101469 0, -98.2889082570357 19.8588789082705 0, -98.288909502999 19.8588749778216 0, -98.2889087151765 19.8588750327398 0, -98.2889128797662 19.858844999274 0, -98.2889142083745 19.8588354198586 0, -98.288976926951 19.8587600687554 0, -98.2909681927969 19.8572182714096 0, -98.2914267090876 19.8568697687047 0, -98.2914739200473 19.8568495847648 0, -98.2915247072002 19.856864386659 0, -98.2915726341173 19.8569081172541 0, -98.2919238529355 19.8573521547256 0, -98.2927054573013 19.8583124123044 0, -98.2932529086017 19.8589849914897 0, -98.2933258706674 19.8590771617792 0))"
CEBADA,AGC_135,1.62,Chignahuapan,Puebla,ENTRENAMIENTO,"POLYGON Z ((-98.247332052662 19.8942850280057 0, -98.2472653886848 19.894315929871 0, -98.2471939717214 19.8943142168081 0, -98.2470813571207 19.8943115154398 0, -98.2468654021264 19.8943106318778 0, -98.2465724543257 19.8943079837259 0, -98.2464588434934 19.8943274077292 0, -98.2463395984277 19.8943591914585 0, -98.2463273921196 19.8944589595695 0, -98.2462250488559 19.8945119335304 0, -98.2457794063215 19.8946163364356 0, -98.2454381695828 19.8947248267915 0, -98.2453116095357 19.8947619886661 0, -98.2452867495585 19.8947962422196 0, -98.2451808615427 19.8947530914076 0, -98.2450679343283 19.894557621055 0, -98.245049966226 19.8945286899323 0, -98.2450064006297 19.8945229037071 0, -98.2449251093847 19.8945521076704 0, -98.244891666005 19.8944955116298 0, -98.2449328007601 19.8944238587039 0, -98.2449349513269 19.8944201115927 0, -98.2449987990857 19.8943318221599 0, -98.2451358837947 19.8942249905373 0, -98.2454748388127 19.8939989673204 0, -98.2455677937833 19.8939018479231 0, -98.2457311685874 19.8938391621497 0, -98.245827878516 19.8938462255984 0, -98.2459255280823 19.8938479910382 0, -98.246116131721 19.8937941341349 0, -98.2462785677856 19.8937570522805 0, -98.2463949957346 19.8937535205542 0, -98.2465611876554 19.8937261503062 0, -98.2466962152224 19.8937272087261 0, -98.2467823582683 19.8937278836483 0, -98.2467865318411 19.893727916592 0, -98.2470325327867 19.8938594689304 0, -98.2471668003789 19.8939530566319 0, -98.2472860454447 19.8941278712787 0, -98.2473170301355 19.8942002693693 0, -98.247332052662 19.8942850280057 0))"
CEBADA,AGC_186,11.7,Chignahuapan,Puebla,PREDICCION,"POLYGON Z ((-98.2803466745742 19.8539228879914 0, -98.2802055079206 19.8540068114196 0, -98.280135988199 19.8540530141936 0, -98.2799838117933 19.8541541485659 0, -98.277534626138 19.855803069015 0, -98.2774846851981 19.8558519977924 0, -98.2778304943617 19.8562700006821 0, -98.2779907951309 19.856463766769 0, -98.2779115547397 19.8565420533244 0, -98.2759510139715 19.8582317575289 0, -98.2756414850673 19.8585049077072 0, -98.2755273972295 19.8585968518436 0, -98.2755178858673 19.8586045167393 0, -98.2755042952554 19.8586154699692 0, -98.275436926999 19.8586562573102 0, -98.2753965612017 19.8586852448312 0, -98.2753679229104 19.8586634397677 0, -98.275358587618 19.8586469778214 0, -98.2753583333947 19.8586472219963 0, -98.2753302089398 19.8585973579363 0, -98.2753232838273 19.8585849979533 0, -98.2748887974705 19.8577778354965 0, -98.274898161509 19.857723036099 0, -98.275140556617 19.8573651037017 0, -98.2760426412321 19.8560330349824 0, -98.2766974654635 19.8550255218848 0, -98.2767834315412 19.8549634425916 0, -98.2768687472387 19.85500747957 0, -98.2769811139044 19.8548949419155 0, -98.2780841714114 19.853592802431 0, -98.2789816225162 19.8525481527701 0, -98.27899976579 19.8525297079877 0, -98.2790721825783 19.8524560859934 0, -98.2790942128624 19.8524385875205 0, -98.2791321109876 19.8524084869319 0, -98.2792186753433 19.8525130797991 0, -98.2803466745742 19.8539228879914 0))"
CEBADA,AGC_143,11.48,Chignahuapan,Puebla,PREDICCION,"POLYGON Z ((-98.2877401821634 19.8522387718907 0, -98.2874975058826 19.852432380674 0, -98.2853228085473 19.8541184633831 0, -98.2851963625862 19.8542114814193 0, -98.285195692443 19.8542128890548 0, -98.285194017085 19.8542132067444 0, -98.2851904346036 19.8542138869044 0, -98.2851169667864 19.8542278339862 0, -98.2850985531198 19.854212551932 0, -98.2850967439128 19.8542156063151 0, -98.2847900581764 19.8538247419585 0, -98.283565417289 19.8522770472054 0, -98.2834076300059 19.852077635249 0, -98.2833507747333 19.8520045935126 0, -98.2833571869078 19.8519588075382 0, -98.2833609436623 19.8519319868823 0, -98.2850225322905 19.8505384886017 0, -98.2855604291096 19.8500519982648 0, -98.2856911564413 19.8499344727829 0, -98.2857330260184 19.8499434232539 0, -98.2858500513471 19.8499684394499 0, -98.2859179433213 19.8499976516227 0, -98.2859836676607 19.85008188891 0, -98.2860320581085 19.8501702029921 0, -98.2861050058011 19.850258517025 0, -98.2861743422663 19.8504378622685 0, -98.2862350108874 19.8504772634766 0, -98.2863433486089 19.8506009025317 0, -98.2864329079478 19.8507157101999 0, -98.2865275230051 19.8507883993456 0, -98.2866059486244 19.8508059892537 0, -98.2866214149186 19.8508094585667 0, -98.286680639947 19.8508210071706 0, -98.2868077560513 19.850917472792 0, -98.2869103158089 19.8510526600913 0, -98.287050432332 19.8512394770436 0, -98.287308275768 19.851573029191 0, -98.2874086687892 19.8517455788476 0, -98.2876759014166 19.8520899991186 0, -98.2877142711573 19.8521654007057 0, -98.2877163471639 19.8521694808735 0, -98.2877386020268 19.8522341796972 0, -98.2877401821634 19.8522387718907 0))"
CEBADA,AGC_018,1.67,Chignahuapan,Puebla,ENTRENAMIENTO,"POLYGON Z ((-98.2964301042345 19.8642946921712 0, -98.2963788355847 19.8643366194649 0, -98.2951949755161 19.8651072877173 0, -98.295008011851 19.8652144397437 0, -98.2950019625958 19.8652171044343 0, -98.2949617468172 19.8652348186269 0, -98.2949096463274 19.8651623008481 0, -98.294873631071 19.8651320151144 0, -98.2948473400776 19.8650921765283 0, -98.294601219656 19.8647645398107 0, -98.2945734230862 19.8646943139315 0, -98.2945639728094 19.8646704389334 0, -98.2946596460821 19.8645674077867 0, -98.2948809343743 19.8643537905075 0, -98.2950145848239 19.8642308405974 0, -98.2950810439853 19.8642040524314 0, -98.2951986271677 19.8642548812553 0, -98.2953242430855 19.8641868805278 0, -98.2954133433853 19.8640845367884 0, -98.2955608692128 19.863911444629 0, -98.2954425565983 19.8637733830613 0, -98.2954637352795 19.8637177459357 0, -98.2956353629061 19.8635302289171 0, -98.2957107180837 19.8634587757399 0, -98.2957244623075 19.8634457427743 0, -98.2959603581045 19.8637335441338 0, -98.2964301042345 19.8642946921712 0))"
CEBADA,AGC_106,6.09,Chignahuapan,Puebla,ENTRENAMIENTO,"POLYGON Z ((-98.259055187494 19.8582604113929 0, -98.2590515340457 19.8582606699316 0, -98.2590080501961 19.8582678034028 0, -98.2589492797153 19.8582241965377 0, -98.2578908325452 19.8568507929794 0, -98.2579130308142 19.8568353084004 0, -98.2579124558924 19.8568345741777 0, -98.2579978218956 19.8567694260502 0, -98.2583513260279 19.8565080644071 0, -98.2593009108602 19.8558059915615 0, -98.2593991227719 19.8558079576689 0, -98.2596030708841 19.8558201429717 0, -98.2603047162064 19.8558969343535 0, -98.2615782874291 19.8560131441198 0, -98.2618068394987 19.8560647359869 0, -98.2620647772578 19.8561034294537 0, -98.2619478893713 19.8562324081717 0, -98.2618682222803 19.8562803153226 0, -98.2617598234733 19.8563761278912 0, -98.2616527299184 19.8564406171524 0, -98.2591236328304 19.8582407793482 0, -98.2590635561992 19.8582598191195 0, -98.259055187494 19.8582604113929 0))"
CEBADA,AGC_033,21.04,Chignahuapan,Puebla,ENTRENAMIENTO,"POLYGON Z ((-98.2037837713552 19.8555587890589 0, -98.2037725424141 19.8556993857513 0, -98.2037602175284 19.8562179577006 0, -98.2037547342119 19.856732866978 0, -98.2036883262545 19.8569924708494 0, -98.2036230591576 19.8570228341786 0, -98.2033346200013 19.8571449473071 0, -98.2019881765444 19.8575700735337 0, -98.200998334611 19.8579152483306 0, -98.2009232426397 19.8579376905512 0, -98.2008881526481 19.8579343903739 0, -98.2009232426397 19.8578069972274 0, -98.2010092886675 19.8575691728688 0, -98.2010376350063 19.8574908242975 0, -98.2010888668253 19.8574465995953 0, -98.2012081720782 19.8573093054865 0, -98.2012292258935 19.8572974236181 0, -98.2012537894266 19.8573370284343 0, -98.2012551925951 19.8574102958396 0, -98.2011843110276 19.8575112861284 0, -98.201149221036 19.8575713527144 0, -98.2011471162833 19.8576142576462 0, -98.2012018560234 19.8576241581977 0, -98.2012748432419 19.8575911546671 0, -98.2013239694099 19.857516566764 0, -98.2013387071704 19.8574472594638 0, -98.2013092316493 19.8573502291926 0, -98.2012790536457 19.8572789422121 0, -98.2012706319399 19.8571528682787 0, -98.2012376475993 19.857047916851 0, -98.2012720360067 19.8568967608866 0, -98.2011756261154 19.8568821567032 0, -98.2011339568626 19.8570482058082 0, -98.2011143385552 19.8570512170466 0, -98.2008718796667 19.8570884291563 0, -98.1990650370503 19.85746647507 0, -98.1990014075821 19.8574676486388 0, -98.19899496217 19.8574630836336 0, -98.1987992893382 19.857324486699 0, -98.1987656034133 19.8572165283741 0, -98.1986882494842 19.8572083142242 0, -98.1985135792637 19.8572540792511 0, -98.1984948646614 19.8573338744127 0, -98.1984886267601 19.8574453525199 0, -98.1985709708306 19.8575591785298 0, -98.1977762241122 19.8577586655526 0, -98.1970485995119 19.8579045966815 0, -98.1969583700298 19.8579196164613 0, -98.1969481148625 19.8579134689721 0, -98.1968130450747 19.8578324996911 0, -98.1967140318658 19.8577356192029 0, -98.1966995097009 19.8576730036132 0, -98.1967282054843 19.8574864240487 0, -98.1968242740157 19.8572353038137 0, -98.1968342551969 19.8571402538671 0, -98.1968941413853 19.8570921416642 0, -98.1971037452905 19.8570733662077 0, -98.1972572053888 19.8570311218448 0, -98.1972821578925 19.8569759690192 0, -98.1972459764478 19.8568926538034 0, -98.1971087354319 19.8568926538034 0, -98.1970575826647 19.8568304603337 0, -98.1970488492435 19.8567694404136 0, -98.197088773968 19.8566767364923 0, -98.1971923281607 19.8566028080314 0, -98.1972821578925 19.8565523493593 0, -98.1974119123487 19.8565687777266 0, -98.197450568652 19.8565615867252 0, -98.1975254477225 19.8565476559018 0, -98.1974782619156 19.8564870752247 0, -98.1974598221978 19.8564634009241 0, -98.1974686050263 19.8564153358308 0, -98.1975379244235 19.8562578094995 0, -98.1975716103484 19.8561510240273 0, -98.1974468469318 19.8561158200468 0, -98.1974119123487 19.8560935245828 0, -98.1974081699673 19.8560430657487 0, -98.1973951443957 19.855960218968 0, -98.1972298570783 19.8558851165926 0, -98.197100501474 19.8557995001117 0, -98.196971944472 19.855755190447 0, -98.1969336169521 19.8556845938874 0, -98.1968633498323 19.8556034840582 0, -98.1968146422793 19.8555974758898 0, -98.1967986720302 19.8555494105342 0, -98.1968170371878 19.8554998429097 0, -98.1968657456391 19.855436757511 0, -98.1968713286686 19.8554388528947 0, -98.1968952894322 19.8553992062039 0, -98.1969455941898 19.8551889199027 0, -98.1970182571165 19.8551183230911 0, -98.1970981056672 19.8550492293516 0, -98.1971955216715 19.8548794977017 0, -98.1972921390736 19.8547555789331 0, -98.1973400489226 19.8547022554061 0, -98.1974638143109 19.854672965522 0, -98.1975724089507 19.854672214391 0, -98.1975864388388 19.8546703234671 0, -98.1975949324098 19.8546691777599 0, -98.1978063670816 19.8546406719527 0, -98.1978933473573 19.8546631923688 0, -98.1980274038454 19.8546647115294 0, -98.198335537666 19.8547513475918 0, -98.1986721813187 19.8548008537712 0, -98.1989298729394 19.8547162810222 0, -98.19906803922 19.8547080295665 0, -98.1990724256936 19.8545945783441 0, -98.1990504942242 19.8545615741833 0, -98.1991195773645 19.8544563734805 0, -98.1991673812123 19.8544255888909 0, -98.1992412954922 19.8543779887303 0, -98.1997062365338 19.8543439537237 0, -98.1997178409707 19.8543439942798 0, -98.2000012109338 19.8543449845244 0, -98.200128412378 19.8543336398023 0, -98.2001441149292 19.8543525634438 0, -98.2001635023696 19.8543759262844 0, -98.2001663976398 19.8543939458583 0, -98.2001920122018 19.8545533227195 0, -98.2001437636879 19.8546100487781 0, -98.2000735837047 19.8546409904864 0, -98.1999145827977 19.8546327390268 0, -98.1994858285907 19.8546121120658 0, -98.1994430624949 19.8547049354817 0, -98.1997709340989 19.8547606298432 0, -98.1999737970463 19.8547895082368 0, -98.2002578057116 19.8547420653398 0, -98.2003488185246 19.8547327264779 0, -98.2004387380879 19.8547234999894 0, -98.2005698552884 19.8547509673794 0, -98.2006799815557 19.8547740378203 0, -98.2009354794905 19.8547647555697 0, -98.2010602015846 19.8547401913151 0, -98.2011920751666 19.8547142177358 0, -98.2013203725555 19.8546956532271 0, -98.2014420906832 19.8546461470148 0, -98.2017315817667 19.8546420212852 0, -98.2020320394831 19.8546502727443 0, -98.2024868484266 19.8546445796938 0, -98.2027072132507 19.8546624015266 0, -98.2028279225703 19.8546967254264 0, -98.2028339358929 19.8547012077094 0, -98.2029563511132 19.8547924375613 0, -98.2032084363483 19.8550259181499 0, -98.2037837713552 19.8555587890589 0))"
CEBADA,AGC_150,1.99,Chignahuapan,Puebla,ENTRENAMIENTO,"POLYGON Z ((-98.250266791203 19.8590053762425 0, -98.2502657599371 19.8590128501725 0, -98.25025840004 19.8590661502835 0, -98.250220454304 19.8591307584261 0, -98.2501561295398 19.859157878647 0, -98.2497058534952 19.8592590596139 0, -98.249329883396 19.8593206024095 0, -98.2493002875006 19.8593239912715 0, -98.2492023423886 19.8593352055234 0, -98.2490803466814 19.8592934813715 0, -98.2490626013613 19.8592674046159 0, -98.2497979047607 19.856438494745 0, -98.2498156491825 19.8565073403217 0, -98.2497945774009 19.8565532373563 0, -98.2498189765423 19.8567076186542 0, -98.2498699927656 19.8569423198466 0, -98.2499210098872 19.8572625553186 0, -98.2499180463451 19.8572694049474 0, -98.2499431910882 19.8573418317058 0, -98.2500285876341 19.857730912262 0, -98.2501583474802 19.8584339659634 0, -98.250266791203 19.8590053762425 0))"
CEBADA,AGC_104,3.02,Chignahuapan,Puebla,ENTRENAMIENTO,"POLYGON Z ((-98.2517301539874 19.8576384294217 0, -98.2511764710738 19.8595910817033 0, -98.2509708314339 19.8603162969911 0, -98.2509414376595 19.8603408705209 0, -98.2509355339315 19.8603458063486 0, -98.2509035242629 19.8603446733557 0, -98.2507896367495 19.8603406424016 0, -98.250701785108 19.8603310512481 0, -98.2506840074485 19.8603255848311 0, -98.2506713106603 19.8603199156411 0, -98.2506678997572 19.8603183914654 0, -98.2506463132409 19.8602910069933 0, -98.2504578395077 19.8593491175145 0, -98.2503911656491 19.8590186081231 0, -98.2503652806942 19.8588821256285 0, -98.2503182179564 19.8585958802133 0, -98.2503221400009 19.8584719381557 0, -98.2502876267277 19.8584276740169 0, -98.2502562503715 19.8583147982948 0, -98.2502351660135 19.8580954805126 0, -98.2502211100742 19.8580147411369 0, -98.2501985192414 19.8579594982491 0, -98.2501909132059 19.85792240294 0, -98.2501899852462 19.8579221976294 0, -98.2501513307396 19.8577276678439 0, -98.2501568526836 19.8576634536986 0, -98.2502431987487 19.8576422061293 0, -98.2503049453481 19.8576417346746 0, -98.2505408905524 19.857637957122 0, -98.2509665958774 19.8576148211953 0, -98.2512191069138 19.857604905435 0, -98.2514118790856 19.8575954628187 0, -98.2516794512761 19.8575945182191 0, -98.2517301539874 19.8576384294217 0))"
CEBADA,AGC_167,2.46,Chignahuapan,Puebla,ENTRENAMIENTO,"POLYGON Z ((-98.2408184134526 19.8595887836008 0, -98.2408172528293 19.8596946661062 0, -98.2408184134526 19.8598431199834 0, -98.2408114497125 19.8604751390042 0, -98.240796361609 19.8606006695707 0, -98.2407360109916 19.860623592151 0, -98.2403367655433 19.8604260190186 0, -98.2401882093482 19.8603714402064 0, -98.2399804622606 19.8603517923702 0, -98.2398187942556 19.8603153819787 0, -98.2397889171875 19.8603086533003 0, -98.2395393427437 19.8602311078799 0, -98.2393900436418 19.8602387929739 0, -98.2392206896512 19.8602492721093 0, -98.2392444581753 19.8603296115612 0, -98.2393291351706 19.8603184337097 0, -98.2395995083082 19.8603184337097 0, -98.2397458357832 19.8603603502261 0, -98.2397555043505 19.8603635388279 0, -98.2399025630541 19.8604120462903 0, -98.2400362638095 19.8604923856597 0, -98.2401952189024 19.8605964780949 0, -98.2403668016132 19.8607529651345 0, -98.2405138728932 19.8609897902923 0, -98.2405339277819 19.8611553594289 0, -98.2404849040219 19.8611888919591 0, -98.2404210248221 19.8611986723142 0, -98.2403526890801 19.8611371953033 0, -98.2401811063692 19.860902465677 0, -98.2400087807517 19.8607410885934 0, -98.2398891934278 19.8607222265456 0, -98.2397213243523 19.8606621467897 0, -98.2395623692594 19.8605720271131 0, -98.2394323821395 19.8606111486822 0, -98.2394264613434 19.8606139072324 0, -98.2392689705045 19.8606872964774 0, -98.239081789447 19.8608381945199 0, -98.2389362039805 19.8609164375173 0, -98.2388582113492 19.8609241225781 0, -98.2388321673925 19.8609130174285 0, -98.2388583335201 19.8599805555304 0, -98.2389085203681 19.8600314618644 0, -98.2389858380278 19.8600656543408 0, -98.239054707069 19.8601287418484 0, -98.2391181997167 19.860197126752 0, -98.2391868127393 19.8602096479283 0, -98.2392564498368 19.8602000162543 0, -98.2393076535849 19.8601865319097 0, -98.23930458136 19.8601210365053 0, -98.2392718109612 19.8600834729524 0, -98.2394981927172 19.8594100511082 0, -98.2395331928773 19.8593900896981 0, -98.2395963049159 19.8593540956175 0, -98.2396682617668 19.8593344468104 0, -98.2399746591439 19.8592689524587 0, -98.2400616699623 19.8592661550201 0, -98.2401104493806 19.859264586055 0, -98.2402013642772 19.8593052177689 0, -98.2402740936792 19.8593377216118 0, -98.2403430007497 19.8594156687924 0, -98.240359977112 19.8594348714868 0, -98.2404470220664 19.8595101901636 0, -98.2405770091863 19.8595702272664 0, -98.2407162803947 19.8595636776733 0, -98.2407481148917 19.8595547480223 0, -98.2407824350272 19.859545120491 0, -98.2407996215952 19.8595659783108 0, -98.2408011864604 19.8595678776253 0, -98.2408184134526 19.8595887836008 0))"
CEBADA,AGC_002,2.31,Chignahuapan,Puebla,ENTRENAMIENTO,"POLYGON Z ((-98.2521541713779 19.8616019314798 0, -98.2519519857603 19.8616118596635 0, -98.251897618821 19.8616204926458 0, -98.2518680166374 19.8616112124855 0, -98.251874939055 19.8615940791656 0, -98.251897618821 19.8614163222354 0, -98.2520061604601 19.8604764612507 0, -98.2521568627305 19.8604806789211 0, -98.252367666785 19.8605051459699 0, -98.2529946962432 19.8605684219869 0, -98.2532830815005 19.8605940186338 0, -98.2535365070219 19.8606165120134 0, -98.2538370141457 19.8606384477656 0, -98.2540298779457 19.8606468847876 0, -98.2540828030889 19.8606485720229 0, -98.2540838855589 19.8606821714061 0, -98.2540844748537 19.860700474145 0, -98.2540854935432 19.8607320973322 0, -98.254043332912 19.8608324949323 0, -98.2538326007227 19.861238129147 0, -98.2538316323389 19.8612399929563 0, -98.2538585431698 19.8612585541647 0, -98.2539952613662 19.8612688414446 0, -98.2541949325993 19.8612838642853 0, -98.2542227408473 19.8612914580811 0, -98.2541025372791 19.8613505152924 0, -98.2537957509315 19.861424759216 0, -98.2535203598047 19.8614779106625 0, -98.252962402707 19.8615572170485 0, -98.2526430570134 19.8615707156982 0, -98.2521541713779 19.8616019314798 0))"
CEBADA,AGC_136,1.69,Chignahuapan,Puebla,PREDICCION,"POLYGON Z ((-98.2541831583809 19.8605764940221 0, -98.2541822950999 19.8605752368327 0, -98.2541773894001 19.8605816005093 0, -98.2541727271438 19.8605847578459 0, -98.2541732544549 19.8605858249361 0, -98.2541102888417 19.8606263439419 0, -98.2540307529048 19.8606286817389 0, -98.2535112823288 19.8605819283248 0, -98.2533903205825 19.8605593310195 0, -98.2533951562137 19.860539117978 0, -98.2533977774977 19.8605281623463 0, -98.2534294449081 19.8603991921901 0, -98.2537465762545 19.8591076294762 0, -98.2538849365712 19.859116980754 0, -98.2540879189945 19.8591286690055 0, -98.2542585908136 19.8591263311863 0, -98.254438375143 19.8591372404457 0, -98.254628102026 19.8591403572562 0, -98.2548277714625 19.8591660715736 0, -98.254919734693 19.8591723060382 0, -98.2549150203344 19.8591925369966 0, -98.2549064791527 19.859229189285 0, -98.2547107973378 19.8595378130297 0, -98.2544596086214 19.860046535399 0, -98.2543993693951 19.8601685338299 0, -98.254356950049 19.8602612931629 0, -98.2541831583809 19.8605764940221 0))"
CEBADA,AGC_178,9.82,Chignahuapan,Puebla,ENTRENAMIENTO,"POLYGON Z ((-98.2972714321937 19.8592394386764 0, -98.2972684794314 19.8592430581958 0, -98.2972534326503 19.8592614979733 0, -98.2971578537007 19.8592682190921 0, -98.2968880878243 19.8592867019562 0, -98.2960932252232 19.8593622986728 0, -98.2955401513674 19.8594093625216 0, -98.2941689898672 19.859544625385 0, -98.2939394209048 19.8595706699892 0, -98.2938778360021 19.8595740520868 0, -98.2938301776814 19.8595766695582 0, -98.2920525105488 19.8574113367592 0, -98.2916834475958 19.8569562818968 0, -98.2916097857425 19.8568460708039 0, -98.2923136786496 19.8567796984129 0, -98.2929210987835 19.8567494524791 0, -98.294169827097 19.8566040010394 0, -98.2943016153391 19.8567789337733 0, -98.294342897418 19.8568337309622 0, -98.2945759832848 19.8570385181366 0, -98.2959102976886 19.8582462348533 0, -98.2965200624254 19.8588019392144 0, -98.2966567321128 19.8588993961142 0, -98.2970327965351 19.8590691048758 0, -98.2971658927242 19.8591354763091 0, -98.297270404521 19.8592295720214 0, -98.2972714321937 19.8592394386764 0))"
CEBADA,AGC_125,10.14,Chignahuapan,Puebla,ENTRENAMIENTO,"POLYGON Z ((-98.2611977664647 19.8450355600221 0, -98.2611959231217 19.8450858406879 0, -98.2610100922322 19.845555991097 0, -98.2609384803343 19.8457371701569 0, -98.2606712009946 19.8465329733778 0, -98.260607920971 19.8467213841732 0, -98.2605593688265 19.8468553701357 0, -98.2601710675534 19.8479269369072 0, -98.2600568341886 19.8482662011252 0, -98.2598503393526 19.8488672152789 0, -98.259670927824 19.8494133488445 0, -98.2596606439106 19.8494462501479 0, -98.2594469347046 19.8501299660611 0, -98.2592568080713 19.8506610689016 0, -98.259232682916 19.8506799786171 0, -98.2592256455141 19.8506854943729 0, -98.2592199421104 19.85068996494 0, -98.2590749387521 19.8506870752519 0, -98.2580187229973 19.8505567899759 0, -98.2579478099887 19.8505406102431 0, -98.2579485951163 19.8505367387334 0, -98.2579508840237 19.8505254604892 0, -98.2579518577974 19.8505206637709 0, -98.2579542338413 19.8505131463491 0, -98.2580822635323 19.8500289389665 0, -98.2581821067845 19.8496812856938 0, -98.2582339485596 19.8494880444848 0, -98.2586294830674 19.8476224435299 0, -98.2586759421372 19.8474167350318 0, -98.2590743243045 19.8456527919895 0, -98.2591038168936 19.8455418294769 0, -98.259119272408 19.8455257337295 0, -98.2591201689267 19.8455248000425 0, -98.2591554278016 19.8454880820612 0, -98.2597526457688 19.8453401310287 0, -98.2601624652862 19.8452268564675 0, -98.2605773243525 19.8451224945447 0, -98.2605851873061 19.8451205164754 0, -98.2607701288636 19.8450777492754 0, -98.2610570633417 19.8450055078826 0, -98.261165816085 19.844997416466 0, -98.2611927107463 19.8450295244146 0, -98.2611977664647 19.8450355600221 0))"
CEBADA,AGC_116,7.43,Chignahuapan,Puebla,PREDICCION,"POLYGON Z ((-98.2641083564942 19.8477583417068 0, -98.2641028668895 19.8478177250376 0, -98.2623722535115 19.8490544885401 0, -98.2614000580835 19.8497719582345 0, -98.2613536789637 19.8497987277139 0, -98.2612971111519 19.8497917873537 0, -98.2612805965237 19.8497833548242 0, -98.2612723131585 19.8497731301703 0, -98.2602156069235 19.8484687484099 0, -98.2601341162525 19.8483783826866 0, -98.2607920459599 19.8479063808955 0, -98.2611823441879 19.8476619079634 0, -98.2615041782148 19.8474716951501 0, -98.2627945802727 19.8464952332276 0, -98.2627991841385 19.8464931977181 0, -98.2629291263427 19.8463976774538 0, -98.2629790843506 19.846378054926 0, -98.2630037889192 19.8463811533979 0, -98.2630389247249 19.8463976774538 0, -98.2630916279843 19.8464580946804 0, -98.2639140140674 19.8474846609866 0, -98.2640820053137 19.8476937948401 0, -98.2641083564942 19.8477583417068 0))"
CEBADA,AGC_162,4.93,Chignahuapan,Puebla,ENTRENAMIENTO,"POLYGON Z ((-98.2343714067794 19.8842141958019 0, -98.2342956464616 19.8842570867654 0, -98.2341456727249 19.8843014323923 0, -98.2337954761895 19.8844780865943 0, -98.2336284955479 19.8845478754163 0, -98.2334955287161 19.8845689580311 0, -98.2330981751199 19.8847630586913 0, -98.2324467321472 19.8850409934666 0, -98.2323685598529 19.8850344804054 0, -98.2323215582006 19.8850512293626 0, -98.2322819775308 19.8850763532174 0, -98.2322369539688 19.885097290464 0, -98.2321622455782 19.8850730966876 0, -98.232102380051 19.8850009816411 0, -98.232041611717 19.8849736791503 0, -98.2320385556484 19.8849749268539 0, -98.2319940279564 19.8849800443817 0, -98.2319356464461 19.8849209562701 0, -98.2312226985209 19.8836326454632 0, -98.2311905388337 19.8835619253092 0, -98.231223687566 19.8835167946904 0, -98.2314784884081 19.8833930343097 0, -98.2338356272895 19.8822367723294 0, -98.2341653862538 19.8820913763719 0, -98.2341956298345 19.8821034278706 0, -98.2342031711913 19.8821064327199 0, -98.2342366523003 19.8821197741821 0, -98.234282552618 19.8822413163468 0, -98.2342620189273 19.8823844405824 0, -98.2342236958989 19.8824419744207 0, -98.2341931675523 19.8824878081932 0, -98.2341255253097 19.8825548262074 0, -98.23407358472 19.8825934473178 0, -98.2339962792999 19.8825582340025 0, -98.2339564183558 19.88264683496 0, -98.233909309804 19.8828297160936 0, -98.2336351143349 19.8830614396785 0, -98.2334188988292 19.8831954768828 0, -98.2332050988932 19.8833249691426 0, -98.2331591985755 19.8835089848551 0, -98.2331809413986 19.8835748670761 0, -98.2332244261466 19.8835521497128 0, -98.2333826616889 19.8834680923992 0, -98.2334261464369 19.883520344385 0, -98.2333983642401 19.8836839132468 0, -98.2333258899596 19.8839292674899 0, -98.2333572959602 19.8840689824379 0, -98.2333452163146 19.8842450464124 0, -98.2332884445853 19.8842825309099 0, -98.2326745377167 19.8845711383502 0, -98.2324681309156 19.884664918232 0, -98.2323993280497 19.8846801838351 0, -98.2322895530236 19.8845544180641 0, -98.2321797788959 19.884364678637 0, -98.2321187069313 19.8843835801096 0, -98.232240077411 19.8846511056096 0, -98.2323645407903 19.8847637860266 0, -98.2324047395009 19.8847768713039 0, -98.233638112013 19.884258424864 0, -98.2338643410392 19.8841644073641 0, -98.2339547268281 19.8841146003259 0, -98.2340699133054 19.8841044226579 0, -98.234291781011 19.8841407709867 0, -98.2343145685748 19.8841479142754 0, -98.2343160570832 19.8841483805828 0, -98.23437063333 19.8841654886565 0, -98.2343714067794 19.8842141958019 0))"
CEBADA,AGC_057,0.63,Chignahuapan,Puebla,ENTRENAMIENTO,"POLYGON Z ((-98.2497343040386 19.8793199085848 0, -98.2496816079657 19.8794870543772 0, -98.2496422168405 19.8796068126882 0, -98.2496164082424 19.8796852770491 0, -98.2495905062195 19.8797558308216 0, -98.2495681776948 19.8798918991451 0, -98.2495725300323 19.8799051993995 0, -98.2495967584939 19.8799792513163 0, -98.2495512076207 19.8801690737154 0, -98.2494976186225 19.880321100427 0, -98.2494574270983 19.8805520792068 0, -98.2494199152487 19.8805814766662 0, -98.2493511420272 19.8805655179495 0, -98.249282369704 19.8806419509882 0, -98.249250216305 19.8806495100656 0, -98.2491964224909 19.8806117577585 0, -98.2491903750324 19.8806075135907 0, -98.249178447202 19.8805940706277 0, -98.2490689066363 19.880470606171 0, -98.2489992404894 19.8802614656943 0, -98.2489912023642 19.8801136391781 0, -98.2490215699124 19.8799532134437 0, -98.2490338912048 19.879925495295 0, -98.2490604813372 19.8798656770955 0, -98.2490985240912 19.8798289831146 0, -98.249108205235 19.8797969869632 0, -98.2492707589789 19.8796474805835 0, -98.2494717174979 19.8794526175735 0, -98.249653920092 19.8792711923317 0, -98.2497148483262 19.8792344965234 0, -98.249731512973 19.8792244596211 0, -98.2497334111132 19.8792233166257 0, -98.2497343040386 19.8793199085848 0))"
CEBADA,AGC_142,1.29,Chignahuapan,Puebla,PREDICCION,"POLYGON Z ((-98.2495065999787 19.8792868994326 0, -98.249455870318 19.8793499956177 0, -98.2492676786558 19.8795546734575 0, -98.2490680325755 19.8797408840721 0, -98.2489747551097 19.8798824654592 0, -98.2489191152576 19.8800917593416 0, -98.248920751988 19.8802795085148 0, -98.2489576862209 19.8804411073176 0, -98.2490481744178 19.8806112998885 0, -98.2490627495833 19.8806772661028 0, -98.249063842833 19.8806822131243 0, -98.2490345173306 19.8807166851414 0, -98.2489486365928 19.8807462320959 0, -98.2487936331888 19.8807216093526 0, -98.2487622128151 19.8807807040991 0, -98.2487883960107 19.8808654057141 0, -98.2487307933397 19.8808604815074 0, -98.2484993343219 19.880825024511 0, -98.2485412272552 19.8806881223479 0, -98.2484134535841 19.8806260733763 0, -98.2482846324775 19.8806191791385 0, -98.2481254384327 19.8805590993196 0, -98.2480646943532 19.8805285673177 0, -98.2480165168062 19.8804133326538 0, -98.2480866878063 19.8803443893249 0, -98.2481822559761 19.8803128122885 0, -98.2482029405839 19.8803059780165 0, -98.2482584492819 19.8802094567753 0, -98.2483558509132 19.8801385424832 0, -98.2486113982553 19.8799671683991 0, -98.2489235008328 19.8798125368824 0, -98.2489329268551 19.8797888990109 0, -98.2488638032906 19.8797957932848 0, -98.2487150836021 19.8798647368525 0, -98.248513996624 19.8799848961495 0, -98.2483594342929 19.8800952905277 0, -98.2483467051653 19.8801013121292 0, -98.2482760023625 19.880134760398 0, -98.2482284123137 19.8801454764467 0, -98.2481674158076 19.8801297178992 0, -98.2481111112022 19.8800988310064 0, -98.2481251878028 19.880015625935 0, -98.2481057491583 19.8799500700094 0, -98.2480474341233 19.8799872598494 0, -98.2480313470932 19.8799740229605 0, -98.2480883218418 19.8799072066024 0, -98.2481516216283 19.8798588275981 0, -98.2484584888243 19.8796441166545 0, -98.2487967745974 19.8794343296712 0, -98.248847808787 19.879402101969 0, -98.2489727904941 19.8793231787494 0, -98.249024708626 19.879295604104 0, -98.2490353033565 19.8792899778316 0, -98.2492068061172 19.8791712727296 0, -98.2492398587298 19.8791483959151 0, -98.2493576835591 19.8791483959151 0, -98.2494869628066 19.8791791740157 0, -98.249490804901 19.8792002522761 0, -98.2495065999787 19.8792868994326 0))"
CEBADA,AGC_197,11.52,Chignahuapan,Puebla,ENTRENAMIENTO,"POLYGON Z ((-98.2770128100609 19.8779264938187 0, -98.2768088736267 19.8780630536925 0, -98.2768071237086 19.8780615668582 0, -98.274197363298 19.8799544383778 0, -98.2741062157377 19.8800207208139 0, -98.2740629241275 19.8800522024481 0, -98.2740254302442 19.8800747209449 0, -98.273905161099 19.8799243463911 0, -98.2724909738899 19.8782297361755 0, -98.2723423458295 19.8780176672248 0, -98.2724386982286 19.8779270564508 0, -98.2740056125107 19.876782343536 0, -98.275289622157 19.8758461978444 0, -98.2753524898538 19.8758506964258 0, -98.2754160411686 19.8759104620733 0, -98.2754625092216 19.8759875791136 0, -98.2757037302316 19.8762819082988 0, -98.2769861166222 19.8778682554728 0, -98.2770128100609 19.8779264938187 0))"
CEBADA,AGC_028,1.86,Chignahuapan,Puebla,PREDICCION,"POLYGON Z ((-98.2608267119467 19.8775688613096 0, -98.2607364573118 19.8776260893912 0, -98.2607359901878 19.8776254676225 0, -98.2604062078672 19.8778350677668 0, -98.26034808597 19.8778573365198 0, -98.2603309955218 19.8778588588373 0, -98.2603042760319 19.877854560529 0, -98.2602790306775 19.8778504996074 0, -98.260250405861 19.8778380532667 0, -98.260233980166 19.8778309113831 0, -98.2601318965154 19.8777172756422 0, -98.2599769847397 19.8775454714732 0, -98.2599780528365 19.8774741378152 0, -98.2599492079327 19.8773535728019 0, -98.2598167315812 19.8773184081651 0, -98.2597846805901 19.8772742008199 0, -98.2597750659217 19.8771345466192 0, -98.259764382258 19.8767808896368 0, -98.2597098958427 19.8766472626477 0, -98.2596351110953 19.8764483299221 0, -98.2595154554995 19.8762644682116 0, -98.2594962243659 19.8760434307374 0, -98.2594075507659 19.8758917192578 0, -98.2593217832158 19.8757587749658 0, -98.2592670838999 19.8756346722931 0, -98.259287596031 19.8755639401214 0, -98.2592609295418 19.8754970661467 0, -98.2592828098072 19.8754469108583 0, -98.2592949289787 19.875450167586 0, -98.2593881067315 19.8754752034137 0, -98.2594810967365 19.8755858028421 0, -98.2598332264464 19.8759619689004 0, -98.2599186948575 19.8759703273851 0, -98.2600998886436 19.8758352939585 0, -98.260140912906 19.875816003701 0, -98.2601831031816 19.8759079808849 0, -98.2602161252514 19.8759799733496 0, -98.2604027888793 19.8764551618262 0, -98.260523128093 19.876754164417 0, -98.2606215879398 19.8769927220095 0, -98.260823977475 19.877517420054 0, -98.2608267119467 19.8775688613096 0))"
CEBADA,AGC_073,2.05,Chignahuapan,Puebla,ENTRENAMIENTO,"POLYGON Z ((-98.2726056743786 19.8593301277224 0, -98.2724890919194 19.8593962650114 0, -98.2724582500607 19.8593991655245 0, -98.2724548382593 19.859398077304 0, -98.2724031977069 19.8593816061402 0, -98.272387313696 19.8593765401692 0, -98.2703868706612 19.8574498735907 0, -98.2688717092209 19.8560006343864 0, -98.2688381526535 19.8559519937692 0, -98.2688531545187 19.8559063229966 0, -98.2688534303015 19.8559060788176 0, -98.2688926318822 19.85587141975 0, -98.2690690969366 19.8557581712932 0, -98.269118264427 19.8557292271728 0, -98.269123971424 19.8557258678058 0, -98.2726753773565 19.8591912383964 0, -98.2726813215087 19.8592042429853 0, -98.2727080697446 19.8592326617934 0, -98.2726963494251 19.8592697914368 0, -98.2726439183552 19.8593080819533 0, -98.2726036019653 19.8593288105357 0, -98.2726056743786 19.8593301277224 0))"
CEBADA,AGC_031,1.98,Chignahuapan,Puebla,PREDICCION,"POLYGON Z ((-98.2684783073136 19.8611408975779 0, -98.2684707929062 19.8612454998962 0, -98.2680740169267 19.86139957585 0, -98.2675359638008 19.8615875769693 0, -98.2670895900378 19.8617529612982 0, -98.2656693113527 19.8623367514181 0, -98.2651643225175 19.8625063753941 0, -98.2649644320954 19.8625685708628 0, -98.2649298640249 19.8624964802165 0, -98.2649298406688 19.8624964438869 0, -98.2649097085249 19.8624650500127 0, -98.2648197575206 19.8623247812144 0, -98.2647803798701 19.8622507109118 0, -98.2646887687791 19.8621205179292 0, -98.264585233451 19.8619733774341 0, -98.2644578038347 19.8617695750004 0, -98.2644184046247 19.8616867802132 0, -98.2644578038347 19.8616862014708 0, -98.2644742394112 19.8616858297238 0, -98.2644802698017 19.8616849882239 0, -98.2646300575871 19.8616770818415 0, -98.2652283481427 19.8616761778204 0, -98.2659766923851 19.8616472280207 0, -98.2661681072025 19.8616291349213 0, -98.2667499253507 19.861550824685 0, -98.2671406898044 19.8614617717527 0, -98.2679447637304 19.861266703049 0, -98.2683144869451 19.8611734086485 0, -98.2683565370836 19.8611650637467 0, -98.2684783073136 19.8611408975779 0))"
CEBADA,AGC_171,11.63,Chignahuapan,Puebla,ENTRENAMIENTO,"POLYGON Z ((-98.2733659931638 19.8675322997661 0, -98.2733573181331 19.8675700332226 0, -98.2732456296955 19.867687311617 0, -98.2728292381034 19.8680003940509 0, -98.2713968070092 19.8690711919786 0, -98.2711647551033 19.8692496575967 0, -98.2709164383009 19.8694546374148 0, -98.2707039049895 19.8696188256979 0, -98.2706864336556 19.8696269978081 0, -98.2706425320894 19.8696530745499 0, -98.2706107119653 19.8696624159127 0, -98.2706057245189 19.8696638800152 0, -98.2705888074454 19.8696688468116 0, -98.2705353675675 19.8696784711938 0, -98.270515236322 19.8696784711938 0, -98.2704718530837 19.8696851124565 0, -98.2703992018351 19.8696749144305 0, -98.270303778294 19.8695984296367 0, -98.2702322113119 19.8695107270502 0, -98.2702365483782 19.8694220038506 0, -98.2702094399178 19.8693995683242 0, -98.2701324507047 19.8693863111198 0, -98.2700142557695 19.8692792320343 0, -98.2700044964723 19.8691935678689 0, -98.2700019695114 19.8691640897271 0, -98.2699990751395 19.8691303400699 0, -98.2699733330168 19.8691343750247 0, -98.2699014830654 19.8691456375836 0, -98.2698190725195 19.869060993913 0, -98.2697811195971 19.868982468533 0, -98.2697919703474 19.8689461851595 0, -98.2698103974888 19.868884567529 0, -98.269746962955 19.8688994823535 0, -98.2697323240092 19.8689029242358 0, -98.2695902734133 19.8688223593303 0, -98.2694503922488 19.8686561307729 0, -98.2694610534546 19.8686028085396 0, -98.2694742479095 19.8685368136442 0, -98.2693852958318 19.8685241984483 0, -98.2693376195447 19.8685174371693 0, -98.2692454497016 19.8684338128895 0, -98.2688821907636 19.8680585236579 0, -98.2687152002405 19.8678525214602 0, -98.2687089605426 19.8678223967613 0, -98.268698935344 19.8677739954817 0, -98.2690611091171 19.8674394973742 0, -98.2700330152876 19.8666450003946 0, -98.2711405095738 19.8657396608777 0, -98.2714146340761 19.865532106196 0, -98.2714174458029 19.8655327542029 0, -98.2714469312055 19.8655395510932 0, -98.2714854204221 19.8655484238016 0, -98.2715700866377 19.8656397994896 0, -98.2718948725286 19.8659837663221 0, -98.2723564601593 19.8664533335348 0, -98.2733334624724 19.8674721313463 0, -98.2733659931638 19.8675322997661 0))"
CEBADA,AGC_111,1.71,Chignahuapan,Puebla,ENTRENAMIENTO,"POLYGON Z ((-98.2476077285547 19.8947203101627 0, -98.247600629169 19.8947787188557 0, -98.2475704592502 19.8948045853506 0, -98.2473814492228 19.8948746762491 0, -98.2472740780885 19.8949038801475 0, -98.2472388326883 19.8949038801475 0, -98.2472057504313 19.8949038801475 0, -98.2471427470889 19.894929746622 0, -98.2471006762892 19.8949706952477 0, -98.2470921674468 19.8949789767062 0, -98.2470611090942 19.8950340478875 0, -98.2469812461705 19.8950924564647 0, -98.2468774242799 19.8951425210631 0, -98.2467372197219 19.895214280096 0, -98.2463944181179 19.8953848124116 0, -98.2459557716629 19.8955714521062 0, -98.2459111083254 19.8955804202735 0, -98.245878076374 19.8956084186567 0, -98.245859163244 19.8956130433816 0, -98.2458531184805 19.895610788881 0, -98.2458342529612 19.8955831621657 0, -98.2453096521067 19.8948149338057 0, -98.2453351121584 19.8948085174426 0, -98.2453769538877 19.8947883983077 0, -98.2459137412875 19.8946377032199 0, -98.2462500543601 19.8945509250844 0, -98.2463556513218 19.8945350708292 0, -98.2465002917606 19.8944766620462 0, -98.2465757188035 19.8944115775381 0, -98.2466325102957 19.8944057372476 0, -98.246881861059 19.8943915521151 0, -98.2469647243558 19.8943978020882 0, -98.2470407640496 19.8944035376356 0, -98.2470477987566 19.8944040681104 0, -98.2471578324975 19.8944491263611 0, -98.2474364665424 19.8945801290425 0, -98.2476077285547 19.8947203101627 0))"
CEBADA,AGC_015,1.97,Chignahuapan,Puebla,ENTRENAMIENTO,"POLYGON Z ((-98.2390173874277 19.8659746258185 0, -98.2389854541159 19.8660119084923 0, -98.2388929572861 19.8660336559402 0, -98.2387696275808 19.8660367633217 0, -98.2386740827671 19.8660339769856 0, -98.2386275787815 19.8660326209912 0, -98.2380131347204 19.8661268621511 0, -98.2374713670608 19.8663018823858 0, -98.2374465475078 19.8663257326374 0, -98.2374207137568 19.8663505570028 0, -98.2373094978331 19.8663940526476 0, -98.2372721458836 19.8664017813754 0, -98.2371358930145 19.8664993687819 0, -98.2371355157221 19.8665110784556 0, -98.2370242989001 19.8666032485958 0, -98.2369758482652 19.8667440931786 0, -98.2369108794089 19.8667844821935 0, -98.2368360012367 19.8667875887154 0, -98.236742222511 19.8667813207561 0, -98.2367199200374 19.8667798304366 0, -98.2366190742653 19.8667730902045 0, -98.2364428894852 19.8667492712797 0, -98.236191826533 19.8662211040999 0, -98.2359936186555 19.8657737145606 0, -98.2360464737302 19.8657612867034 0, -98.2361521847778 19.8657695722233 0, -98.2362248611793 19.8658151396179 0, -98.2362850060825 19.8658454269108 0, -98.2363647073094 19.8658855618526 0, -98.2365750280703 19.8659725542301 0, -98.2367776403877 19.8660222647421 0, -98.237001174468 19.8660129434415 0, -98.2370446107069 19.86597959611 0, -98.2371630436957 19.865888669237 0, -98.2372313156573 19.8658410302733 0, -98.2373920844487 19.8657788926934 0, -98.2375748754394 19.8657364318308 0, -98.2377378468999 19.8656473677311 0, -98.2378248379554 19.8656018002882 0, -98.2379437623226 19.8655800519362 0, -98.2380362591525 19.8655562328323 0, -98.2382212528122 19.8654568123452 0, -98.2383996402613 19.8654029601539 0, -98.2384789228733 19.8653853541221 0, -98.2385273744065 19.8654360997711 0, -98.238737694269 19.865686722074 0, -98.2389314977067 19.8658658851294 0, -98.2390173874277 19.8659746258185 0))"
CEBADA,AGC_063,12.54,Chignahuapan,Puebla,PREDICCION,"POLYGON Z ((-98.2799288223215 19.8590008636649 0, -98.2799148409424 19.8591070718467 0, -98.2797911626907 19.8592517174987 0, -98.2794545414959 19.8595339282212 0, -98.279277089193 19.8596725046378 0, -98.2778978635164 19.8608866629725 0, -98.277873695242 19.8609025205944 0, -98.2778387175398 19.860925472702 0, -98.2775028275736 19.861218725589 0, -98.2772447155413 19.8614109910368 0, -98.2772317034444 19.86141795708 0, -98.2771811264973 19.8614450346658 0, -98.2770734580206 19.8613728370538 0, -98.2766658564436 19.8610542160016 0, -98.2765303473796 19.8608276402287 0, -98.2758011812703 19.859541009252 0, -98.2756291062826 19.8592102459478 0, -98.2756581443242 19.8591525896171 0, -98.275660391909 19.8591501647742 0, -98.2757375275475 19.8590669470181 0, -98.2757678411968 19.8590342437248 0, -98.2770067796703 19.8577688389979 0, -98.277513821156 19.8572664072315 0, -98.2780245583108 19.8567603120525 0, -98.2780831167893 19.8566893357324 0, -98.2780913228994 19.8566793903425 0, -98.2780922355877 19.8566800924595 0, -98.2781296441311 19.8567089079808 0, -98.2781711651619 19.8567408910487 0, -98.2786974126283 19.8573824385651 0, -98.2788963741924 19.8576403760737 0, -98.2790985032162 19.8579078934798 0, -98.2792265427885 19.8580773523672 0, -98.2793820797918 19.85825882383 0, -98.2797363133561 19.8586721227593 0, -98.2799180676909 19.8588997121047 0, -98.2799208102475 19.8589255101057 0, -98.2799239633341 19.8589551608192 0, -98.2799288223215 19.8590008636649 0))"
CEBADA,AGC_110,6.19,Chignahuapan,Puebla,ENTRENAMIENTO,"POLYGON Z ((-98.2607052624152 19.8547874466412 0, -98.2606756216041 19.854814985838 0, -98.2604066381603 19.8550185327482 0, -98.2600242639714 19.855265555281 0, -98.2596277700628 19.8555556071198 0, -98.2595306226548 19.8556257288964 0, -98.2594103193736 19.8556931950856 0, -98.2592810464143 19.8558074093218 0, -98.2579666737114 19.8567774306862 0, -98.257884871325 19.8568379200027 0, -98.2578848282059 19.8568378811371 0, -98.2578659078894 19.8568206036677 0, -98.2575551186488 19.8564363833213 0, -98.2574346267214 19.8562909451132 0, -98.257431613772 19.8562267261618 0, -98.25752901181 19.8559065722451 0, -98.2575701798029 19.8558404639181 0, -98.2576916760467 19.8557564113435 0, -98.2578011231877 19.8557025803611 0, -98.2578914919087 19.8556969143855 0, -98.2580260415719 19.8557006919842 0, -98.2588012068137 19.8557620781618 0, -98.2592124115333 19.8557973979736 0, -98.2592841051779 19.8558035556836 0, -98.2593720304812 19.8557265471144 0, -98.2593367716063 19.8557180473074 0, -98.2593221784745 19.8557178850844 0, -98.2591403855122 19.8557158572974 0, -98.2589266529499 19.8556925123972 0, -98.2580162418505 19.8556051172729 0, -98.2580089277674 19.855600667967 0, -98.2580088352409 19.8556014292326 0, -98.2577793345505 19.8555821686201 0, -98.2576990260624 19.8555614175804 0, -98.2576743161039 19.8554568309471 0, -98.2580367099642 19.8544740195915 0, -98.2581152182285 19.8544123963384 0, -98.2589850200872 19.8537993512252 0, -98.2594907024218 19.8534312261142 0, -98.2595362488034 19.8533996065413 0, -98.2596063748877 19.8533897471274 0, -98.2596414379299 19.8534234063477 0, -98.2600065285327 19.8538806943298 0, -98.260254053021 19.8541896774307 0, -98.2606217613146 19.8546585909514 0, -98.260683935512 19.8547503877667 0, -98.2607052624152 19.8547874466412 0))"
CEBADA,AGC_032,1.44,Chignahuapan,Puebla,ENTRENAMIENTO,"POLYGON Z ((-98.2570344164826 19.8737786270474 0, -98.2570244128436 19.8738123360088 0, -98.2570066756083 19.8738349356496 0, -98.2570012704452 19.8738418234241 0, -98.2569985728044 19.8738452609751 0, -98.2565326058868 19.8740420266416 0, -98.2564250757506 19.874092981568 0, -98.2564168822169 19.874084651708 0, -98.2564023393908 19.8740906946582 0, -98.2563976394052 19.8740817523084 0, -98.2563968677524 19.8740801463181 0, -98.2562508591794 19.873776569078 0, -98.2561909460415 19.8735916119209 0, -98.2560320466442 19.8731935231208 0, -98.2559643190616 19.872998765381 0, -98.2559499918312 19.8728664767771 0, -98.2559291527132 19.872661919557 0, -98.2559434799437 19.8724879843361 0, -98.2559404139936 19.872401497358 0, -98.255938269715 19.8723409970812 0, -98.2559369671579 19.8722270811469 0, -98.2559547016982 19.8721926148865 0, -98.2559651113757 19.872172383897 0, -98.2560750085726 19.872117696766 0, -98.2561683686835 19.8720845838901 0, -98.256182824373 19.8720854658864 0, -98.2562505259044 19.8720896004553 0, -98.2562803984809 19.8721026293312 0, -98.2563241464352 19.8721217105243 0, -98.2563657581958 19.8721849269925 0, -98.2563967006658 19.8722797516475 0, -98.2564800912736 19.8724827903709 0, -98.2569902364386 19.8736649579876 0, -98.2570344164826 19.8737786270474 0))"
CEBADA,AGC_024,11.53,Chignahuapan,Puebla,ENTRENAMIENTO,"POLYGON Z ((-98.2752222583921 19.869632922651 0, -98.2751228849588 19.8697048140508 0, -98.2748205919842 19.8699211402677 0, -98.2748048076864 19.8699235962048 0, -98.2746829970321 19.8700224410928 0, -98.2738845294919 19.8706341655486 0, -98.2726301903011 19.8715791966529 0, -98.2723556947947 19.8717785283337 0, -98.2723010763271 19.8718024994163 0, -98.2722845374444 19.8718097573126 0, -98.2722351121374 19.8718040429126 0, -98.2721675094207 19.8717321000856 0, -98.2718018403028 19.871285754253 0, -98.2714043312981 19.8707769969726 0, -98.271364732662 19.8707263163953 0, -98.271272326562 19.8706252449694 0, -98.2706357569955 19.8699289828764 0, -98.2705752985802 19.8698760454715 0, -98.2705433320308 19.8698296428561 0, -98.2705539555074 19.8697994070145 0, -98.27056012873 19.8697818377989 0, -98.2705697389069 19.8697544845302 0, -98.2708074034867 19.8695538433408 0, -98.2728684378875 19.867986454094 0, -98.2733131901914 19.8676463922677 0, -98.2733928006885 19.8675886697263 0, -98.2734243782673 19.8675915979695 0, -98.2734799723053 19.8676526669516 0, -98.2740273229945 19.8682778555428 0, -98.2741208034795 19.8683846286263 0, -98.274203215822 19.8684758041417 0, -98.2751965468121 19.8695747564483 0, -98.2752222583921 19.869632922651 0))"
CEBADA,AGC_045,1.49,Chignahuapan,Puebla,ENTRENAMIENTO,"POLYGON Z ((-98.2936264011474 19.8662360850737 0, -98.2936257588519 19.8662353576533 0, -98.2936169859049 19.866242630167 0, -98.2935699105907 19.8662626490097 0, -98.2935574132285 19.8662673962505 0, -98.2935175136568 19.8662999932902 0, -98.2934847664715 19.8663084629604 0, -98.2934507903908 19.8662838236116 0, -98.2932854132419 19.8660532160524 0, -98.2932620804007 19.866016641378 0, -98.293287453316 19.8659967737335 0, -98.2933378865326 19.865957280911 0, -98.2933116629129 19.8658875024893 0, -98.2932323515547 19.8657930592662 0, -98.2932099646396 19.8657100460716 0, -98.2932489811673 19.8656095881947 0, -98.2933366073317 19.8655271764437 0, -98.2935253900853 19.8653904832657 0, -98.2940120335258 19.8650381180668 0, -98.2944360931371 19.8647415544642 0, -98.2944789472678 19.864712680417 0, -98.2945002984255 19.8647286703 0, -98.2945450992053 19.8647622231962 0, -98.2945480241199 19.8647644130813 0, -98.2947840393928 19.8650693982203 0, -98.294905565281 19.8652378322445 0, -98.2949051879886 19.8652557703228 0, -98.2949049220873 19.8652683722609 0, -98.2949042860801 19.8652985886899 0, -98.2948313707268 19.8653761882382 0, -98.2945780862408 19.8655590580402 0, -98.2936264011474 19.8662360850737 0))"
CEBADA,AGC_195,1.92,Chignahuapan,Puebla,ENTRENAMIENTO,"POLYGON Z ((-98.2641749998102 19.8592888885374 0, -98.2663996847428 19.8613544886143 0, -98.2664049331269 19.8613602675767 0, -98.2664856688419 19.8614537893199 0, -98.2661348641471 19.8614914076292 0, -98.2658405697718 19.8615069382221 0, -98.2657268143107 19.8615086634679 0, -98.265705898836 19.8615059032435 0, -98.2656767449117 19.8614798276965 0, -98.2656684696313 19.8614724256976 0, -98.2656361778918 19.8614258339045 0, -98.2647442352563 19.8605702925633 0, -98.2637408548132 19.8596206562524 0, -98.2637355565496 19.8596027766791 0, -98.2641749998102 19.8592888885374 0))"
CEBADA,AGC_088,5.91,Chignahuapan,Puebla,PREDICCION,"POLYGON Z ((-98.2402173983067 19.8937369355461 0, -98.2400843111007 19.8937937793574 0, -98.2389911682995 19.8942278980154 0, -98.2386365026455 19.8943612981536 0, -98.2384122615911 19.8944613483946 0, -98.2381148922825 19.8945767603625 0, -98.2379466513046 19.8946345034819 0, -98.2378220064656 19.8946772835014 0, -98.2373775533007 19.8948576740754 0, -98.2372644473216 19.8949118524485 0, -98.2369492087255 19.8950628513679 0, -98.2367705490868 19.8951351451328 0, -98.2366782903105 19.8951626857668 0, -98.2366028722508 19.8952019305708 0, -98.2363612416091 19.8952831755621 0, -98.2363608490453 19.8952792071598 0, -98.2363315585771 19.8952911157454 0, -98.2363257078497 19.8953017885336 0, -98.2361961447346 19.8953567810455 0, -98.2361169672254 19.8953889303232 0, -98.2360872752104 19.8953440902726 0, -98.2360485865677 19.8952907896911 0, -98.2360371896417 19.8952625885235 0, -98.2359956326783 19.8951611154677 0, -98.2359671749484 19.8950979985504 0, -98.2359525207312 19.8950654952837 0, -98.2358925375247 19.8949685522386 0, -98.2358489557587 19.8948817447199 0, -98.2357289902441 19.8947156203695 0, -98.2357148085407 19.8946990548904 0, -98.2356690070377 19.8946455572757 0, -98.2355771587914 19.8945309883729 0, -98.2355872926861 19.8945051547768 0, -98.2355911105261 19.8945035118265 0, -98.2356480664101 19.8944789917417 0, -98.2357732744927 19.8944528278575 0, -98.2359680436193 19.8943591897691 0, -98.236019191895 19.8943026063301 0, -98.2360302815972 19.8942903378256 0, -98.2360749467314 19.8942077162985 0, -98.2361928326461 19.8941505693862 0, -98.2362631249188 19.8941195863968 0, -98.2367932477174 19.893885490157 0, -98.2374858326318 19.8935743349672 0, -98.2382609242118 19.8932645560452 0, -98.2386530684777 19.8930812992373 0, -98.2390367479187 19.8928981528747 0, -98.2392197131825 19.8928036319859 0, -98.2392876626489 19.8927864462869 0, -98.2394390260793 19.892733568046 0, -98.2395885147258 19.8926639450161 0, -98.2396152261307 19.892637505455 0, -98.2396269410604 19.8926317766014 0, -98.2396611498047 19.8926630631343 0, -98.2396513617613 19.8926903474053 0, -98.2396480290116 19.8926996375717 0, -98.2396817697337 19.8927688204901 0, -98.2401393751327 19.8935827153298 0, -98.2402084942056 19.8937056492254 0, -98.2402105441611 19.893712852057 0, -98.2402108675546 19.8937139881902 0, -98.2402173983067 19.8937369355461 0))"
CEBADA,AGC_005,2.27,Chignahuapan,Puebla,ENTRENAMIENTO,"POLYGON Z ((-98.2450050540551 19.8581474789436 0, -98.2450041126206 19.8582014594882 0, -98.2445722520394 19.8596456514903 0, -98.2445289721073 19.8597190994807 0, -98.2444075989326 19.8597155602366 0, -98.2442645862411 19.8597093655032 0, -98.2440754711108 19.8596633502522 0, -98.2439032910203 19.8596934367912 0, -98.2437028849653 19.8596474215356 0, -98.2435175328778 19.8596076001593 0, -98.2432484425344 19.8595872467447 0, -98.2431835230854 19.8595854775437 0, -98.2431986336468 19.8595365541422 0, -98.2431983479826 19.8595365237261 0, -98.2433086584045 19.8591757599602 0, -98.2435514038556 19.8583288886486 0, -98.2435675492762 19.858293457874 0, -98.2435909207449 19.8582421658255 0, -98.2437240699346 19.8582830022665 0, -98.2437640413715 19.8582952617303 0, -98.2440942881211 19.8583173845258 0, -98.2443285660523 19.8583076504623 0, -98.2445270901368 19.8582634040205 0, -98.2447174368573 19.8582166482195 0, -98.244800884059 19.8581961501489 0, -98.2450050540551 19.8581474789436 0))"
CEBADA,AGC_102,12.75,Chignahuapan,Puebla,ENTRENAMIENTO,"POLYGON Z ((-98.2823845243558 19.8730170202332 0, -98.2823603767426 19.8730619569996 0, -98.2823496355868 19.8730819454127 0, -98.2822308639332 19.8731817750791 0, -98.2820194705839 19.8733444836061 0, -98.2819651135261 19.8733863223353 0, -98.2816555666556 19.8736229824717 0, -98.2812220513775 19.873900830341 0, -98.2810112230686 19.8740450274197 0, -98.2808137751658 19.8741800733541 0, -98.2807605275273 19.874219213531 0, -98.2806846118009 19.8742750167789 0, -98.2800818476352 19.8747259938907 0, -98.2797448338766 19.8749445013102 0, -98.2796899809487 19.8749630397941 0, -98.2796747491147 19.8749681872136 0, -98.2796387131971 19.8749705915391 0, -98.2796112166646 19.874972424774 0, -98.2795570266934 19.8749305391541 0, -98.2791947747668 19.8744118459148 0, -98.2791162422481 19.8742908755964 0, -98.279065611402 19.874212885039 0, -98.2789505515872 19.8740236975639 0, -98.2788456050058 19.8739387853126 0, -98.2788176763836 19.873916188221 0, -98.2787553216248 19.8738456791583 0, -98.2785519250782 19.8735657368931 0, -98.2784042034179 19.8733905109386 0, -98.2782423782077 19.8731761899857 0, -98.2780389825594 19.8729534923585 0, -98.2779818236561 19.8729465107705 0, -98.2779009106019 19.8728187562729 0, -98.2778162857089 19.8726979824267 0, -98.2776641102014 19.8725087931435 0, -98.2776366451099 19.8724564344583 0, -98.2776514906683 19.8723991884584 0, -98.2776592458241 19.8723953614129 0, -98.2777264658585 19.8723621886125 0, -98.2780967343507 19.8721164793748 0, -98.2785623176877 19.8717929985076 0, -98.2791800729389 19.8713704491151 0, -98.279578049966 19.8710982292878 0, -98.279922011295 19.8708337239875 0, -98.2800122767097 19.8707818953029 0, -98.2801262971738 19.8707113012078 0, -98.2802835508575 19.8706241754123 0, -98.2803709659178 19.8705790487124 0, -98.2803761869262 19.8705786355895 0, -98.2804218006814 19.8705750273116 0, -98.280443120398 19.8705806420657 0, -98.2804693089835 19.870587537585 0, -98.2805201428488 19.8706402601651 0, -98.2805193505348 19.8706426400562 0, -98.2805576744614 19.8706813654495 0, -98.2810305323556 19.8712884813588 0, -98.2823199426734 19.8729255676943 0, -98.2823845243558 19.8730170202332 0))"
CEBADA,AGC_127,0.91,Chignahuapan,Puebla,ENTRENAMIENTO,"POLYGON Z ((-98.2566430672257 19.880348282916 0, -98.2566294568508 19.8804993092371 0, -98.256613453364 19.8805367405549 0, -98.2565940713135 19.8805820747695 0, -98.2564942648921 19.8806341232708 0, -98.2563902831014 19.8806489601149 0, -98.2562311393623 19.8806716669123 0, -98.2560487660882 19.8806921451817 0, -98.2559317209966 19.880710062926 0, -98.2558128604098 19.8809182575052 0, -98.2557788825325 19.8809510289353 0, -98.255745790394 19.8809829471342 0, -98.255697629915 19.880955117655 0, -98.2556900804734 19.8809441963804 0, -98.2556730753651 19.8807395009055 0, -98.2556665751557 19.8806471387726 0, -98.2556603156947 19.8805581835792 0, -98.2556685128217 19.8805296097751 0, -98.255736003249 19.8804325277364 0, -98.255782918663 19.880315005338 0, -98.2558176807696 19.8802088814796 0, -98.2558573764237 19.8800675605769 0, -98.2560686143644 19.8798115831225 0, -98.2561990425572 19.8796502633012 0, -98.2562741803425 19.879591602352 0, -98.2563138759966 19.8795849361609 0, -98.2564102804979 19.8796675957283 0, -98.256505883702 19.879709850956 0, -98.2565273336744 19.8797193319601 0, -98.2565323723248 19.8798030508151 0, -98.2564999260751 19.8798585293899 0, -98.2564625085485 19.8799225073 0, -98.2565470561864 19.8799689407518 0, -98.2565759244464 19.8799847947756 0, -98.2566267349555 19.8800496427599 0, -98.256633380692 19.8801711687722 0, -98.2566430672257 19.880348282916 0))"
CEBADA,AGC_101,12.35,Chignahuapan,Puebla,ENTRENAMIENTO,"POLYGON Z ((-98.2787985153186 19.8740875325217 0, -98.2785908356047 19.8741966570305 0, -98.2784541066286 19.8743016097812 0, -98.2769265789801 19.8753838080504 0, -98.2761317585998 19.8759647297179 0, -98.2758091672931 19.8762004905142 0, -98.2757788949664 19.8762271803457 0, -98.2757464055975 19.8762266438965 0, -98.275736340873 19.8762264783153 0, -98.2756170320269 19.8760886310691 0, -98.2752359469204 19.8756096990062 0, -98.2740218792038 19.8740215027378 0, -98.2740595716149 19.8739909196324 0, -98.2740755679151 19.8739842929119 0, -98.2741652593064 19.8739471312317 0, -98.2754379447902 19.8729657076023 0, -98.2764419756136 19.8722089309618 0, -98.2764467816003 19.8722053092038 0, -98.276659634712 19.8720329330276 0, -98.276922005657 19.8718466550636 0, -98.2769274171083 19.8718447339308 0, -98.2769944350217 19.8718209377334 0, -98.2770392950904 19.8718294763843 0, -98.277044473878 19.8718361327636 0, -98.2770735164111 19.8718473503549 0, -98.2772353739607 19.8720454440309 0, -98.2779485797024 19.8729967251426 0, -98.2787593442806 19.8740013454805 0, -98.2787985153186 19.8740875325217 0))"
CEBADA,AGC_095,1.33,Chignahuapan,Puebla,PREDICCION,"POLYGON Z ((-98.2619570872215 19.8767362335533 0, -98.2618999256234 19.8767812131949 0, -98.2618357643525 19.876809736987 0, -98.261650281111 19.8769424818699 0, -98.2614554652719 19.8770719353105 0, -98.261453040719 19.8770727699704 0, -98.2614277297875 19.8770814865906 0, -98.2614008153633 19.877017592858 0, -98.2613606786364 19.8769214303427 0, -98.2613214968187 19.8767861730099 0, -98.2608571118342 19.8755964651308 0, -98.2607757325543 19.8753795079853 0, -98.2608123155459 19.8753373800135 0, -98.2608701544738 19.8752923028094 0, -98.2609474500124 19.8752320613023 0, -98.2610751185806 19.8751541244309 0, -98.2612177198438 19.8750523157762 0, -98.2612722215304 19.8750136987414 0, -98.2612874883986 19.8750293817649 0, -98.2613019270202 19.8750442140648 0, -98.2613207503186 19.8750635500359 0, -98.2613580807086 19.8751639546131 0, -98.2613559804475 19.875172347777 0, -98.2614110893952 19.8753057842385 0, -98.2619325892654 19.8766418854972 0, -98.2619495261018 19.8767071166988 0, -98.2619498674616 19.8767084303619 0, -98.2619570872215 19.8767362335533 0))"
CEBADA,AGC_017,1.6,Chignahuapan,Puebla,ENTRENAMIENTO,"POLYGON Z ((-98.2417664846237 19.8500905090007 0, -98.2417769320304 19.8500869991148 0, -98.2418221720864 19.8500718020008 0, -98.2418858150294 19.8501511183131 0, -98.2419118221552 19.8502174368657 0, -98.2419216137918 19.8502424073918 0, -98.2419545891492 19.8502587933205 0, -98.2419637780163 19.850263358533 0, -98.242083108422 19.8503075066579 0, -98.2420982144918 19.8503976777916 0, -98.2421037921314 19.8504309709428 0, -98.2421292494882 19.8505050492986 0, -98.2422469198073 19.8505414754605 0, -98.2422549444577 19.8505439595806 0, -98.2424482592119 19.8506928639224 0, -98.2425508836483 19.8508327898213 0, -98.2425278131152 19.8508948960785 0, -98.2424880366127 19.850924078508 0, -98.2423655234759 19.8508731964065 0, -98.24228676548 19.8508118387553 0, -98.242169821898 19.8508380275874 0, -98.2420576510651 19.8508051046042 0, -98.2419968674598 19.8507358966099 0, -98.241966959849 19.8507018439234 0, -98.2419192278664 19.8506621850649 0, -98.2418762686329 19.8506666750664 0, -98.2417505736634 19.8507362641578 0, -98.2417346627031 19.8508395248162 0, -98.2417224303438 19.8508637263516 0, -98.2417115921699 19.8508851683192 0, -98.2416734065838 19.8509173443617 0, -98.2415970354116 19.8509562536976 0, -98.2415175506787 19.8509591568998 0, -98.2415150946847 19.850959247308 0, -98.2414594072219 19.8509659814526 0, -98.2413400768162 19.8510123735328 0, -98.2411539216348 19.8511276067509 0, -98.2410194752778 19.8511882156672 0, -98.2409674601279 19.8511963701384 0, -98.2409621968987 19.8511971947953 0, -98.2408762793299 19.8511687610289 0, -98.2408078627396 19.8511657682674 0, -98.2407529711842 19.8511769923902 0, -98.2406598931443 19.8511552919117 0, -98.2406479599241 19.8510999207403 0, -98.240693305083 19.8510348217993 0, -98.2408707097752 19.8509547573148 0, -98.2410035652158 19.8509001338425 0, -98.2411698316968 19.8508043559896 0, -98.2412036424875 19.8507805050942 0, -98.2412493856 19.8507482360809 0, -98.2415036097238 19.8506218722142 0, -98.2416465577366 19.8505645836907 0, -98.2417596726989 19.850528339196 0, -98.2418603576726 19.8504406514133 0, -98.2418914330932 19.8503880387204 0, -98.2417621583373 19.8504722191897 0, -98.2416440711999 19.8505248318546 0, -98.241547115133 19.8505762751071 0, -98.2413730916995 19.8506557787435 0, -98.2412325790194 19.850734631738 0, -98.2410561202532 19.8508510286363 0, -98.2408659370261 19.85092585541 0, -98.2406832125108 19.8510112049859 0, -98.2405613955683 19.8510626480806 0, -98.240410989742 19.8509667765379 0, -98.2401636269504 19.8507586651469 0, -98.2401549258686 19.8507165754162 0, -98.2405750688253 19.8504862494044 0, -98.2409964550504 19.8502781373832 0, -98.2413445019173 19.8501109455928 0, -98.2414700477664 19.850043133984 0, -98.241565760565 19.850081716542 0, -98.241656374526 19.8501318004281 0, -98.2417664846237 19.8500905090007 0))"
CEBADA,AGC_192,2.14,Chignahuapan,Puebla,PREDICCION,"POLYGON Z ((-98.2285276385824 19.8665287544852 0, -98.2284978369729 19.8665811218869 0, -98.2283802016881 19.8666032485958 0, -98.2282359026091 19.8665958730265 0, -98.2280782707346 19.8665796467728 0, -98.2279237757771 19.8665907101278 0, -98.22763596095 19.8665973481404 0, -98.2271622819956 19.8666084114941 0, -98.2268295145733 19.8665873535254 0, -98.2268280997268 19.8665815164334 0, -98.2268221870156 19.8665571221346 0, -98.2268202295866 19.8665591717492 0, -98.2267096308054 19.8662261681626 0, -98.2265944461247 19.8659011781905 0, -98.2264670075253 19.8655358514559 0, -98.2264290213651 19.8654425029612 0, -98.226566262381 19.8654390457962 0, -98.2267978579427 19.8654759239083 0, -98.2269743104207 19.8655128028567 0, -98.2270581169485 19.865532507504 0, -98.2271605671117 19.8655565961216 0, -98.2273394710921 19.8655646628337 0, -98.2275148267272 19.8655446261608 0, -98.2276017001033 19.8655346990682 0, -98.2278933381603 19.8655162600201 0, -98.2281212569176 19.8655277847422 0, -98.2282009060422 19.8655865598829 0, -98.2283099633144 19.8659818493425 0, -98.2284079928681 19.8661869854592 0, -98.2285276385824 19.8665287544852 0))"
CEBADA,AGC_072,4.38,Chignahuapan,Puebla,ENTRENAMIENTO,"POLYGON Z ((-98.2378349089681 19.889483621878 0, -98.2378284707424 19.8894990610313 0, -98.2378153553393 19.8895305103715 0, -98.2378117198573 19.8895343910659 0, -98.2377791801828 19.8895691247128 0, -98.2376862979756 19.8896141750472 0, -98.2372580629949 19.8897796644446 0, -98.2364240787632 19.8901106427207 0, -98.2355734748005 19.8904609273657 0, -98.2353988126648 19.8905148698753 0, -98.2353740227562 19.8905225256251 0, -98.2353514795342 19.8905341034359 0, -98.2351198183954 19.8906530779378 0, -98.2348431274065 19.890741338167 0, -98.2348378938216 19.8907427961617 0, -98.2346205123027 19.8908311281424 0, -98.2345864212376 19.8908760826641 0, -98.2342785614032 19.8909855250517 0, -98.2342109820427 19.8909808182535 0, -98.2342360109032 19.8908860850392 0, -98.2342510289381 19.8908148883205 0, -98.2342917010609 19.890686028125 0, -98.2343467659912 19.8905948256865 0, -98.2343786777433 19.8905236288369 0, -98.2343977867061 19.8904845847629 0, -98.2344619003662 19.8903535803824 0, -98.2344756670479 19.8903035657982 0, -98.2345313572056 19.8901511693841 0, -98.2345732806816 19.8900411367995 0, -98.2346026906257 19.8898869746489 0, -98.2346231434681 19.8897916165251 0, -98.2346257009717 19.8897050502952 0, -98.2346260773658 19.8896923227459 0, -98.2346313181372 19.8896858377521 0, -98.2346486879615 19.8896643452795 0, -98.2346818061511 19.8896233690949 0, -98.2348401944071 19.8895433823828 0, -98.2356752170912 19.8892194133582 0, -98.2365968984542 19.8888278404037 0, -98.2372201280387 19.8885889458426 0, -98.2373001733205 19.8885894188948 0, -98.2373102524179 19.8885894788711 0, -98.2373196191514 19.8885895346236 0, -98.2373815660751 19.8886701469218 0, -98.2375229815621 19.8889119827255 0, -98.2377390937615 19.8893181321712 0, -98.2378349089681 19.889483621878 0))"
CEBADA,AGC_159,2.14,Chignahuapan,Puebla,ENTRENAMIENTO,"POLYGON Z ((-98.2439142783146 19.8598530102572 0, -98.2438315291039 19.8604335452646 0, -98.2437294158089 19.861509185604 0, -98.2437218519942 19.8615781911971 0, -98.2435365358393 19.8615789025861 0, -98.2433894456947 19.8615654360424 0, -98.2431946469236 19.861547601467 0, -98.2428893275249 19.8615724629102 0, -98.2427670245939 19.8615741813963 0, -98.2427592370987 19.8615731261411 0, -98.242693671761 19.86157521215 0, -98.2426304689926 19.8615772238094 0, -98.2424697505068 19.8615845083651 0, -98.2425075093931 19.8615530931883 0, -98.242524818132 19.861538099099 0, -98.2425810912964 19.8614893520349 0, -98.2427010065053 19.8613684614143 0, -98.2428109189736 19.8610249881219 0, -98.2427758442533 19.8608043738101 0, -98.2427730999001 19.8607871128255 0, -98.2428402822053 19.8600779829799 0, -98.2428570232089 19.859901272013 0, -98.2428570663281 19.8598887803289 0, -98.2428575074009 19.8597596736257 0, -98.2430700236443 19.8597237049757 0, -98.2431692623303 19.8597237049757 0, -98.2431807697491 19.859725928726 0, -98.2433624144895 19.8597610389675 0, -98.2434906984036 19.8598115777284 0, -98.2435347508868 19.8598844257707 0, -98.2437724145683 19.8598168304061 0, -98.2438373079661 19.8597983737953 0, -98.2439007236353 19.8598111223329 0, -98.2439142783146 19.8598530102572 0))"
CEBADA,AGC_158,11.22,Chignahuapan,Puebla,PREDICCION,"POLYGON Z ((-98.2801142372911 19.8706085223669 0, -98.2801121433181 19.8706099222535 0, -98.2800912529962 19.8706600723137 0, -98.2799700909256 19.8707107165845 0, -98.279831793491 19.8708027964208 0, -98.2797448994536 19.8708822155747 0, -98.2794446699092 19.8711246437193 0, -98.2793200654945 19.8712204642167 0, -98.2776590922122 19.8723347200484 0, -98.2776128298734 19.87235958149 0, -98.2775802264185 19.8723517085879 0, -98.2775717139829 19.8723076781151 0, -98.2775701706772 19.8723056902469 0, -98.2775849623367 19.8722920581841 0, -98.2776279197736 19.8722524706198 0, -98.2776520152844 19.8722388748799 0, -98.2776726675528 19.8721954965794 0, -98.2776079556147 19.8720634210457 0, -98.2775632087338 19.8719928511762 0, -98.27745099568 19.8720562991776 0, -98.2773972979856 19.87207507455 0, -98.2773873626186 19.8720701906217 0, -98.2773367173995 19.8720452928073 0, -98.2766612202384 19.871202730417 0, -98.2759784566051 19.8703470728566 0, -98.2759571162272 19.8702687331321 0, -98.2759666419624 19.8702399547128 0, -98.2759798337224 19.8702001047374 0, -98.2760108130233 19.8700764437855 0, -98.2759664434348 19.8700056871678 0, -98.2759474782025 19.8699754429114 0, -98.2760369728627 19.8699139363544 0, -98.2762669065411 19.8697559613044 0, -98.2768087666957 19.8693718740811 0, -98.2776719794433 19.8688281760636 0, -98.2778528111206 19.8687087702713 0, -98.2780663307504 19.8685931963387 0, -98.2782753329039 19.8684481583319 0, -98.2783989545617 19.8683743173076 0, -98.2785593577388 19.8682610144145 0, -98.2786233806691 19.8682448280389 0, -98.2786777664731 19.8682642518584 0, -98.2789664311065 19.8686435738807 0, -98.2793206844337 19.8691006802757 0, -98.2797592796847 19.8696666139076 0, -98.2799568578432 19.8699521355932 0, -98.2800647122711 19.8701175162675 0, -98.2802101971263 19.8703405980538 0, -98.28020744379 19.8703898036758 0, -98.2801606307839 19.8704228231294 0, -98.2801468623056 19.870484329489 0, -98.280135159054 19.8705775601182 0, -98.2801142372911 19.8706085223669 0))"
CEBADA,AGC_011,7.17,Chignahuapan,Puebla,PREDICCION,"POLYGON Z ((-98.2108971312381 19.8639536550546 0, -98.2108729476924 19.8639906146194 0, -98.2108578326394 19.8640034092877 0, -98.2108124883788 19.8640261539542 0, -98.2106743355729 19.8640759149235 0, -98.2106704099351 19.8640773292304 0, -98.2105676300902 19.8641228185387 0, -98.2103635813667 19.8641057598384 0, -98.2104300863421 19.8643388921527 0, -98.2104702751713 19.8644165310344 0, -98.2104860109601 19.8644469292717 0, -98.2104588423127 19.864504420619 0, -98.2104552490515 19.864512024399 0, -98.2104376438686 19.864549280381 0, -98.2102638243527 19.8647994706708 0, -98.2101005851942 19.8649871129179 0, -98.2099146743546 19.8651633831149 0, -98.2098965508437 19.8651806309503 0, -98.2097877109639 19.8652842133924 0, -98.2096894649162 19.8653273705408 0, -98.2096452552278 19.8653398668657 0, -98.2095124411097 19.8653774082158 0, -98.2094263474712 19.8653755892326 0, -98.2093756797942 19.8653584554746 0, -98.209340254731 19.8653464762054 0, -98.2092715731376 19.8653382878223 0, -98.2087805414269 19.8653291734722 0, -98.2085363928074 19.8653246416427 0, -98.2082636032017 19.8653291903694 0, -98.2081050487574 19.8653295975919 0, -98.2078332517901 19.8653354862664 0, -98.207535464765 19.8653325748787 0, -98.2074162933611 19.865329663491 0, -98.2073924529718 19.8653290813824 0, -98.2073633538448 19.8653276147053 0, -98.2073627367022 19.8645342958684 0, -98.2073421491125 19.8639650269694 0, -98.2073663326583 19.8637901773536 0, -98.2073209883977 19.8636977766189 0, -98.2073678436246 19.863534299499 0, -98.2075174795947 19.8635470933593 0, -98.2075766659955 19.8635542857337 0, -98.2077865214291 19.8635797889631 0, -98.2080283568867 19.8635698380911 0, -98.2081810156878 19.8635143977488 0, -98.2083971566333 19.8634845451187 0, -98.2084969136473 19.8634703293372 0, -98.2085921359657 19.8634191538651 0, -98.2086707331632 19.863458957387 0, -98.208850598341 19.8634731731695 0, -98.2090863872384 19.8634561143993 0, -98.2091656482909 19.8634479605583 0, -98.2092134692067 19.8634430417245 0, -98.2092798556045 19.8634362126392 0, -98.2094264687437 19.8634035170059 0, -98.2096048220569 19.8633153809537 0, -98.2096955105781 19.863228666771 0, -98.209854334517 19.8631119671958 0, -98.2098889789442 19.863086511204 0, -98.2099484447211 19.8630633498809 0, -98.209954903608 19.8630608338516 0, -98.2100386149143 19.8630282276973 0, -98.2102048813953 19.8630282276973 0, -98.2102562668262 19.8630282276973 0, -98.2104693840425 19.8630125907995 0, -98.2107429605724 19.8630936191121 0, -98.2108321381273 19.8631220507414 0, -98.2108392905136 19.8631393224551 0, -98.210888061847 19.8632570975312 0, -98.2108805052188 19.8634504284238 0, -98.2108610602862 19.863522709577 0, -98.2108487641466 19.8635684161759 0, -98.2107308692487 19.8637830694767 0, -98.2108759705233 19.8638854210144 0, -98.2108829297718 19.8639078615454 0, -98.2108971312381 19.8639536550546 0))"
CEBADA,AGC_076,1.01,Chignahuapan,Puebla,PREDICCION,"POLYGON Z ((-98.2669601778396 19.8814285408404 0, -98.2669581539353 19.8814793100758 0, -98.2669109160261 19.8815078668131 0, -98.2668346598382 19.8815618089926 0, -98.2667334358754 19.8816563653127 0, -98.2666065677061 19.8817166525297 0, -98.2664236895789 19.8817553642351 0, -98.2663359619049 19.8817509215764 0, -98.266198971519 19.8816988835792 0, -98.2661011216284 19.8816608079741 0, -98.2661453780291 19.8816270331003 0, -98.2661821820063 19.8816078052162 0, -98.2662219153897 19.8815659720367 0, -98.266234737942 19.8815584358118 0, -98.2662426467098 19.8815537870228 0, -98.2662433267345 19.881553525143 0, -98.2663746379711 19.8814593193428 0, -98.2662860667791 19.8813224827755 0, -98.2659982097311 19.8807156367718 0, -98.2656839925194 19.8801266378269 0, -98.2656147575639 19.8800051531747 0, -98.2655975305717 19.8799749260325 0, -98.2656607953239 19.8799283210917 0, -98.2657156248955 19.8799709597809 0, -98.2657303931988 19.8799793188989 0, -98.2658242303151 19.8800324379366 0, -98.2659128015071 19.8800215301148 0, -98.2660340596974 19.880035412413 0, -98.2661310669684 19.8801276296001 0, -98.2663546037437 19.8805431025855 0, -98.2665454535207 19.8808465257859 0, -98.2666878005606 19.881104335577 0, -98.2667468477226 19.8811578808493 0, -98.2668824699743 19.88132994974 0, -98.2669601778396 19.8814285408404 0))"
CEBADA,AGC_168,1.53,Chignahuapan,Puebla,ENTRENAMIENTO,"POLYGON Z ((-98.2661527064852 19.8790321980351 0, -98.2661493809221 19.8790853596296 0, -98.2660612606843 19.8791471211324 0, -98.2656347881981 19.8793660228844 0, -98.2655790890572 19.8792174825333 0, -98.2653081805237 19.8785676168602 0, -98.2651809027227 19.8782559889082 0, -98.2651509546877 19.8781761333126 0, -98.2650786295276 19.8779853741855 0, -98.2650680303055 19.8779577976177 0, -98.2649539298914 19.8776609278692 0, -98.2648599894689 19.8774318608714 0, -98.264819918319 19.8773072720615 0, -98.264819254464 19.8773052090691 0, -98.264812604236 19.877227029071 0, -98.2648225800272 19.8771957572299 0, -98.2648207079381 19.8771618682016 0, -98.2649648767615 19.8770652597206 0, -98.2650270868915 19.8770784867149 0, -98.2650461311755 19.877083491295 0, -98.265083616974 19.8770933407878 0, -98.2651127134061 19.8771152311759 0, -98.2658118614119 19.8780127378609 0, -98.2658575847616 19.8781370431108 0, -98.2659723077082 19.8784943237498 0, -98.2661527064852 19.8790321980351 0))"
CEBADA,AGC_132,6.1,Chignahuapan,Puebla,ENTRENAMIENTO,"POLYGON Z ((-98.2349088894752 19.8935572718348 0, -98.2348844481129 19.8935858027428 0, -98.2344181048011 19.8938380015208 0, -98.2343627560032 19.8938679337486 0, -98.2341069454547 19.8940340615226 0, -98.2331816259148 19.8946349773607 0, -98.2326719963828 19.894958168316 0, -98.2323200813702 19.8951829467639 0, -98.232260748544 19.8952331591562 0, -98.2322078880795 19.8951935984419 0, -98.2321015275498 19.8950566858912 0, -98.232069249285 19.8949651354188 0, -98.2320501160678 19.8949108666809 0, -98.2320315748403 19.8947056089445 0, -98.2320088196159 19.8945906962907 0, -98.2320121900948 19.8945146163118 0, -98.2320922560378 19.8945011441197 0, -98.2322802006632 19.8945257115046 0, -98.2325507390908 19.8945510712182 0, -98.2326948576085 19.8945970366392 0, -98.2327555388059 19.8947452339783 0, -98.2328718454824 19.8946960992729 0, -98.2329342119193 19.8946643992368 0, -98.2329190420691 19.8945756385954 0, -98.2328988147038 19.894485294083 0, -98.2329266274434 19.894368003424 0, -98.2328541459763 19.8943981188526 0, -98.2326029922943 19.8944266487643 0, -98.2321208853459 19.8943662700888 0, -98.2319171815754 19.8943082253117 0, -98.2318266466661 19.8942482461368 0, -98.2316023660858 19.8940992644448 0, -98.2314871400826 19.8939947843302 0, -98.2314815759177 19.893994966787 0, -98.2314683742763 19.8939204872429 0, -98.2314275512365 19.8938499043018 0, -98.2312892008013 19.8938179321003 0, -98.2312787453097 19.8937508419834 0, -98.2314525720122 19.8936332044495 0, -98.2318357825326 19.8934474603969 0, -98.2320899383843 19.8933471586361 0, -98.2323480459251 19.893170082679 0, -98.2330275522672 19.8926933393829 0, -98.2332487866604 19.8925670325997 0, -98.2333462359025 19.8925335987822 0, -98.2334766057047 19.8924023393033 0, -98.2336227786694 19.8922871774759 0, -98.2337412969981 19.8922525052448 0, -98.2339006392649 19.8920964792664 0, -98.2340468122296 19.8920048443 0, -98.2340733260052 19.8920087553436 0, -98.2341139720769 19.8920147511507 0, -98.2342114213189 19.89218935169 0, -98.2344853302254 19.8927131521528 0, -98.2348069109275 19.8932862347103 0, -98.2348861342507 19.8934788143455 0, -98.2349088894752 19.8935572718348 0))"
CEBADA,AGC_062,2.0,Chignahuapan,Puebla,ENTRENAMIENTO,"POLYGON Z ((-98.2740744333429 19.8580746165852 0, -98.2740724300998 19.8580866454077 0, -98.27406810561 19.8581126116757 0, -98.2740675917737 19.8581156989349 0, -98.274003388282 19.8581825194078 0, -98.2739696008476 19.8582121651909 0, -98.2738493918895 19.8583336530248 0, -98.2736728962924 19.8582092477582 0, -98.2726272177758 19.857209906022 0, -98.2706101927391 19.8552827594122 0, -98.2705863676211 19.8552603506127 0, -98.2705328980988 19.8552100604964 0, -98.2706743306538 19.8552015530575 0, -98.2710526462542 19.8552062550039 0, -98.2711030794709 19.8552146002191 0, -98.2711094826622 19.8552156597412 0, -98.2712997853653 19.8553969224042 0, -98.2726845796983 19.8567159257697 0, -98.2739739172525 19.8579414697863 0, -98.2740423311479 19.8580325440034 0, -98.2740744333429 19.8580746165852 0))"
CEBADA,AGC_056,3.65,Chignahuapan,Puebla,ENTRENAMIENTO,"POLYGON Z ((-98.2077268705992 19.8724254590534 0, -98.2077148098182 19.8724452414101 0, -98.2077060036335 19.8724596870233 0, -98.2076906370523 19.8724848939775 0, -98.207388131177 19.8725039126078 0, -98.2072605236942 19.872535263943 0, -98.2071512445382 19.8726219392433 0, -98.2070538150591 19.8726182245644 0, -98.2068892383092 19.8725340262793 0, -98.2067523099071 19.8725055473381 0, -98.2064020891171 19.8723891545025 0, -98.2061914305897 19.8723544846751 0, -98.2059909185335 19.8722590053269 0, -98.2059881759769 19.8722527857389 0, -98.2059830528849 19.8722411651957 0, -98.2059889242736 19.8721610970532 0, -98.2059755034432 19.8717268900439 0, -98.2060340152093 19.8703658475866 0, -98.2060584520799 19.8703698098544 0, -98.2063103998727 19.870425282438 0, -98.2063736125226 19.8704438780542 0, -98.2064881962304 19.8704775851902 0, -98.2066626221091 19.870498982265 0, -98.2068277782724 19.8705116615109 0, -98.2068626553633 19.8705143844059 0, -98.207040964659 19.8705283038645 0, -98.2071749438921 19.8705512849928 0, -98.2076232256767 19.8706820421595 0, -98.2076459773079 19.8707422693442 0, -98.2076535608855 19.8708754037064 0, -98.2076367084908 19.8710457839641 0, -98.2075962618451 19.8710972940617 0, -98.2074976735393 19.8711194835026 0, -98.2073561107287 19.871094916712 0, -98.2072747952291 19.8711215457307 0, -98.2072617355215 19.8711258231009 0, -98.2072463833133 19.8711463152762 0, -98.2072356134114 19.871160690887 0, -98.2072440405071 19.8712232960824 0, -98.2073097657448 19.871324731248 0, -98.207364536926 19.8713572224893 0, -98.2075827799294 19.8714412237099 0, -98.2075945721141 19.8714624178959 0, -98.207601227732 19.8714743798065 0, -98.2076206978175 19.8715093750848 0, -98.2076442920684 19.8716456785915 0, -98.2076838960944 19.8720316074982 0, -98.2077024337286 19.8721853443353 0, -98.2077268705992 19.8724254590534 0))"
CEBADA,AGC_055,1.37,Chignahuapan,Puebla,ENTRENAMIENTO,"POLYGON Z ((-98.2186734460041 19.875849260259 0, -98.2186676024632 19.8759005483018 0, -98.2186434503585 19.8759312112951 0, -98.2186028456093 19.8759215492764 0, -98.2182902372803 19.8758378156987 0, -98.2182212574463 19.8758046909278 0, -98.218202178128 19.8757550029137 0, -98.2182032983271 19.8757473008308 0, -98.2182125132453 19.8756839210465 0, -98.2183027121847 19.8755609951294 0, -98.2183470467389 19.8755214573803 0, -98.2183814450277 19.8754531649581 0, -98.2183722723304 19.8753417409058 0, -98.2183111204157 19.8751929348924 0, -98.2182591411984 19.8749959645212 0, -98.2181918744516 19.8748759138011 0, -98.2179342717642 19.8748521907123 0, -98.2177515795882 19.874840688633 0, -98.2177576953186 19.8748859780127 0, -98.2178066166707 19.8749298286698 0, -98.217888407379 19.8749442064719 0, -98.2180122401409 19.8749549896115 0, -98.2180756854545 19.8750268760632 0, -98.2180833292192 19.8750858234024 0, -98.2180963242481 19.8752231274648 0, -98.218131486105 19.8752971705871 0, -98.2181697067254 19.8754028440738 0, -98.2181536538313 19.8754955784435 0, -98.2180833292192 19.8755789666766 0, -98.2180359367998 19.8756199422699 0, -98.2179969526114 19.8756767326015 0, -98.2179815743521 19.8756789290943 0, -98.2178761768164 19.8756939852068 0, -98.2175253173243 19.8755696214385 0, -98.2173380401471 19.8755128310685 0, -98.2173606318782 19.8754874539451 0, -98.2173930763313 19.8754510081681 0, -98.217432824986 19.8753669009373 0, -98.217424416755 19.8752482875151 0, -98.2173365112145 19.8751246423287 0, -98.2174312969517 19.8749830254329 0, -98.2174779249049 19.8749348611964 0, -98.2174909199338 19.8749226401907 0, -98.217505442997 19.8748493149814 0, -98.2174557571786 19.874788930533 0, -98.2176009932005 19.8747055410395 0, -98.2176720822788 19.8746674409441 0, -98.2176422707878 19.8745912407259 0, -98.2175253173243 19.874560329099 0, -98.2174611084427 19.8745322932028 0, -98.2174205207616 19.8744910284029 0, -98.2174045424276 19.8744747835267 0, -98.217240961011 19.8743655147466 0, -98.2175035780944 19.8740232743122 0, -98.2176332202613 19.8739082545697 0, -98.2176659979894 19.8738778894045 0, -98.2178054246063 19.8739722053135 0, -98.2179492538665 19.8740711220207 0, -98.2179701846126 19.8740988918822 0, -98.2179766497877 19.874107468427 0, -98.2179976856367 19.8741520965275 0, -98.2179795845837 19.874214666749 0, -98.2179588757215 19.8742307714131 0, -98.2178728808976 19.8742498667118 0, -98.2177773306941 19.874244250398 0, -98.2176375887685 19.8742408804407 0, -98.2176053410465 19.8742588521376 0, -98.2176041462871 19.8743161380169 0, -98.2176447555278 19.874339726016 0, -98.2176089235278 19.8744026273296 0, -98.2175097908429 19.8744531724065 0, -98.2174918371137 19.8744713907643 0, -98.2175030885126 19.874499915817 0, -98.217655235274 19.8745450033842 0, -98.2177428048445 19.8744621890788 0, -98.217807381137 19.8744557482366 0, -98.2178685330517 19.8744060597995 0, -98.2179262605885 19.8744134206437 0, -98.2180104057811 19.8744539073925 0, -98.2180886804834 19.8745394825445 0, -98.2181953293722 19.8746931476748 0, -98.2183447542383 19.8748572232414 0, -98.2183936225897 19.8748996461792 0, -98.2184341887113 19.8749348611964 0, -98.2184517696398 19.8750124991134 0, -98.2184716439671 19.8750922929425 0, -98.2184670131518 19.8751088714546 0, -98.2184479482065 19.8751771200951 0, -98.2184303663798 19.8752720105446 0, -98.2184387755092 19.8753812778549 0, -98.2184983984912 19.8755401478616 0, -98.2186054138927 19.8757263344701 0, -98.2186097617387 19.8757319473522 0, -98.2186505138115 19.8757845626206 0, -98.2186711561985 19.8758428000426 0, -98.2186734460041 19.875849260259 0))"
CEBADA,AGC_179,6.35,Chignahuapan,Puebla,ENTRENAMIENTO,"POLYGON Z ((-98.2271350765172 19.8582808596062 0, -98.2271092517494 19.8583629405432 0, -98.2270415735742 19.8583863915074 0, -98.2270171510766 19.8583833296005 0, -98.2268812817882 19.8583662905604 0, -98.226601550002 19.8582970875538 0, -98.226526413115 19.858367756457 0, -98.2264387528146 19.8584933900788 0, -98.2262829139774 19.8584475856992 0, -98.2261729916277 19.8584659072837 0, -98.2260380233495 19.8585418110887 0, -98.2260380233495 19.8586177140126 0, -98.2262105600712 19.8586622095997 0, -98.2264930182443 19.858799620823 0, -98.226502556556 19.8588184155078 0, -98.2265222386439 19.8588572029312 0, -98.2265049595494 19.8589717021535 0, -98.2264916276523 19.8590600476182 0, -98.2265013671866 19.8590888382052 0, -98.2267546058584 19.8591634329731 0, -98.226823045805 19.8591862602882 0, -98.2268920391137 19.8592092726314 0, -98.2269900659725 19.8592886054984 0, -98.2270311010147 19.8593470331661 0, -98.2270613068661 19.8594177894702 0, -98.227060317821 19.8594377060976 0, -98.2270415735742 19.8596485849495 0, -98.2270403788149 19.859681919249 0, -98.2270335588053 19.859872210364 0, -98.2270313552379 19.8599173899593 0, -98.2270305979581 19.8599329198613 0, -98.2269521885085 19.8599486364823 0, -98.2266725124179 19.8599564888779 0, -98.2263803138121 19.8600062181734 0, -98.2261757746085 19.8600245395778 0, -98.2260936802696 19.8600690339255 0, -98.2258710525894 19.8600336998568 0, -98.2256887763334 19.8598897460371 0, -98.225513456631 19.8598138437219 0, -98.2253061344465 19.8597994484948 0, -98.2251266411713 19.8597091500563 0, -98.2247996571028 19.8595743570924 0, -98.2244824125686 19.8594892926266 0, -98.2244722867588 19.8594056779492 0, -98.224771661107 19.8583780160427 0, -98.22495955902 19.8575982493031 0, -98.2250623226953 19.8571562293053 0, -98.2251501285227 19.857066397439 0, -98.2252017780583 19.856905585074 0, -98.2252623325933 19.8567539853984 0, -98.2253050771294 19.856563020532 0, -98.2253405758545 19.856515853605 0, -98.2253611796139 19.8564884769256 0, -98.2253673752944 19.8564862522851 0, -98.2254101575598 19.8564708884924 0, -98.2254787268637 19.8564976906379 0, -98.2255232527591 19.8565370565451 0, -98.2255232680305 19.8565373649361 0, -98.2255268145792 19.8566090865318 0, -98.2255009898114 19.856673579078 0, -98.2255624345769 19.8566291885464 0, -98.2256060729367 19.8565645134823 0, -98.225621208651 19.8565420812064 0, -98.2257182743123 19.8564750758527 0, -98.2258162302042 19.8564566501147 0, -98.2258928142771 19.8564775886067 0, -98.2259355588133 19.8565136044625 0, -98.2259533688121 19.8565563204212 0, -98.2258812376881 19.8566082492294 0, -98.2258417585279 19.8566417877902 0, -98.2258260263324 19.8566551533631 0, -98.2257654717974 19.856748959899 0, -98.2256568295469 19.856928198953 0, -98.2255749022947 19.857084823951 0, -98.2255588727567 19.8571518290472 0, -98.2256069604722 19.8572029203613 0, -98.225701354544 19.8572498234742 0, -98.2259658365299 19.8573134784613 0, -98.2261305803665 19.8572883510511 0, -98.226375013752 19.8573879202918 0, -98.2263834857634 19.8573913717179 0, -98.2265126096023 19.8575488327112 0, -98.226575835727 19.8576485031765 0, -98.2266318708378 19.8577561418351 0, -98.2266809161573 19.8578503549618 0, -98.2267307771472 19.8578979304234 0, -98.2267423618211 19.8579089842452 0, -98.2269079967864 19.8579852017743 0, -98.2270210910875 19.8580731456166 0, -98.2271181567488 19.8581912412911 0, -98.2271350765172 19.8582808596062 0))"
CEBADA,AGC_139,1.92,Chignahuapan,Puebla,ENTRENAMIENTO,"POLYGON Z ((-98.2735142115924 19.8585626605914 0, -98.2735140364209 19.8585672754139 0, -98.2735045681778 19.858616809974 0, -98.2734992995587 19.8586247384762 0, -98.273466104114 19.8586746920866 0, -98.2733548540542 19.8587826654722 0, -98.2732862110884 19.8588082674766 0, -98.2732152001635 19.858749828627 0, -98.2697315478648 19.8554048451529 0, -98.2696883496794 19.8553475186452 0, -98.2697102443178 19.8553419523567 0, -98.2698552243198 19.8553035485095 0, -98.2700061215246 19.8552723804935 0, -98.27002592758 19.8552735092981 0, -98.2700740530247 19.8552762527326 0, -98.2735142115924 19.8585626605914 0))"
CEBADA,AGC_133,6.08,Chignahuapan,Puebla,ENTRENAMIENTO,"POLYGON Z ((-98.2502684450015 19.8899786826428 0, -98.2504512566534 19.8899099200252 0, -98.2504972207515 19.8899649296148 0, -98.2509088072551 19.8908991140589 0, -98.2510007345531 19.8910975412337 0, -98.2510352074021 19.8912439062675 0, -98.251024761792 19.8913156146946 0, -98.2510571451597 19.8913971471959 0, -98.2510662810261 19.8914653677017 0, -98.2510749039545 19.8915297590606 0, -98.2511177338306 19.8916250426472 0, -98.2511277069269 19.8917081960057 0, -98.2511272865154 19.8917195338296 0, -98.2511260908577 19.8917517607153 0, -98.251059234641 19.8918460626051 0, -98.2509976012294 19.8918755323038 0, -98.2507228613812 19.8919452756303 0, -98.25050766726 19.8920012677645 0, -98.2502517309473 19.8920778870361 0, -98.2501023483021 19.8920936046932 0, -98.2497189671018 19.8922016583696 0, -98.249547646699 19.89223702159 0, -98.2493314069387 19.8923234639519 0, -98.2492081401154 19.8923617743591 0, -98.2484152618928 19.8925592172977 0, -98.2483786995625 19.8925631469113 0, -98.2483202003728 19.8925101021871 0, -98.2482899055882 19.892413835884 0, -98.2482880119396 19.8923799999494 0, -98.2482891536983 19.892347432771 0, -98.2482650851369 19.8922770206062 0, -98.2481892933781 19.8921366911868 0, -98.2481788396831 19.8921173370262 0, -98.248089920843 19.8919545092444 0, -98.248059166121 19.8918382041868 0, -98.2479844478489 19.8916827699486 0, -98.2479865867376 19.8915902283581 0, -98.2480223953814 19.8913698382052 0, -98.2480932634742 19.8911516862598 0, -98.2481073032438 19.8910523553209 0, -98.2481567770597 19.8909693688732 0, -98.2482122686898 19.8909285045297 0, -98.2483031934679 19.8908838684839 0, -98.2483707189295 19.8908442619124 0, -98.2484750151306 19.8908184860008 0, -98.2487641702441 19.8906692518879 0, -98.2495410845058 19.8903288425602 0, -98.2497486079129 19.8902242290251 0, -98.2499690419072 19.8901247327824 0, -98.2502684450015 19.8899786826428 0))"
CEBADA,AGC_013,5.6,Chignahuapan,Puebla,ENTRENAMIENTO,"POLYGON Z ((-98.2359178861854 19.8928395998866 0, -98.235248547874 19.8931334585122 0, -98.2351652956067 19.8931769501844 0, -98.2351235508955 19.8931900339219 0, -98.2350875949279 19.8931969445068 0, -98.2350001726811 19.8932244905463 0, -98.234942193616 19.8932327771644 0, -98.2349339282171 19.8932296939681 0, -98.2349200402628 19.8932245133535 0, -98.2348860704703 19.893211841838 0, -98.2348290193649 19.8931503443009 0, -98.2345646748212 19.8926862649015 0, -98.2344389789534 19.8924030209889 0, -98.2344258330075 19.8923456250787 0, -98.2344231254853 19.8923338066562 0, -98.23444180146 19.892306393927 0, -98.2344695540124 19.8922656583254 0, -98.2345827938405 19.8922102871515 0, -98.234951818166 19.892072583055 0, -98.2350771969285 19.8920351012459 0, -98.2350870164128 19.892032034076 0, -98.2352714252693 19.8919744479697 0, -98.235361291832 19.8919451438543 0, -98.2354823227486 19.8919567291637 0, -98.2355250816578 19.8918769945115 0, -98.2356259678541 19.8918028603059 0, -98.2356345162223 19.8917965789758 0, -98.2357992160415 19.8917291906613 0, -98.2358243958189 19.891718888464 0, -98.2358273872088 19.891717211696 0, -98.2359715165062 19.8916364277813 0, -98.2370106472027 19.891208279272 0, -98.2383140335097 19.8906577577146 0, -98.2384725690893 19.8905864130663 0, -98.2385223941466 19.8906492386623 0, -98.2385732495714 19.8908405256979 0, -98.2385767494078 19.8908536881878 0, -98.2386151029788 19.8909152634868 0, -98.2387624617197 19.8911518425335 0, -98.2389130705653 19.8914340243358 0, -98.2390081913741 19.8915799067233 0, -98.2388666420382 19.8916406015419 0, -98.2387250927022 19.8916938433771 0, -98.2383876387691 19.8918226883922 0, -98.2383717745212 19.891828219611 0, -98.238085290099 19.8919281067325 0, -98.2375675353052 19.8921560774442 0, -98.2371759767408 19.8923284832552 0, -98.2364682300611 19.8926351529252 0, -98.2361239821695 19.8927618676508 0, -98.2359178861854 19.8928395998866 0))"
CEBADA,AGC_189,4.6,Chignahuapan,Puebla,ENTRENAMIENTO,"POLYGON Z ((-98.2559040861235 19.8395058469249 0, -98.2558823585717 19.8396080358271 0, -98.2558518706493 19.8397838052496 0, -98.2558514511361 19.8397847389702 0, -98.2558057197016 19.8398866209597 0, -98.2557105144512 19.8402462506525 0, -98.2555811381856 19.8406791580398 0, -98.255243178501 19.8418082035408 0, -98.2552210907248 19.8418411317699 0, -98.2552179061971 19.8418458797413 0, -98.2551701616381 19.8418628538013 0, -98.2550536591289 19.8418464923555 0, -98.2548226753199 19.8418152904324 0, -98.2546535845356 19.841795504256 0, -98.2544315003361 19.8417878934726 0, -98.2543473596351 19.8417681072928 0, -98.2541641096053 19.8417639220794 0, -98.2539832877218 19.8417555508074 0, -98.2539302943065 19.8417445161402 0, -98.253888628647 19.8417087478936 0, -98.253911408126 19.8411310148144 0, -98.2539291067337 19.8401113617283 0, -98.2539308449738 19.8395569413842 0, -98.253961460457 19.8394491779982 0, -98.2539851822687 19.8394349786535 0, -98.254026642214 19.8394101610621 0, -98.2543357641813 19.8394250245775 0, -98.2549194400456 19.8394361726356 0, -98.2549667004127 19.8394367970891 0, -98.2554813892565 19.8394436043923 0, -98.2557806351456 19.8394463911953 0, -98.2558744578888 19.8394501074959 0, -98.2558814979857 19.8394633519918 0, -98.2558935659532 19.8394860562357 0, -98.2559040861235 19.8395058469249 0))"
CEBADA,AGC_094,3.63,Chignahuapan,Puebla,PREDICCION,"POLYGON Z ((-98.2060220730059 19.8703700878045 0, -98.2059552356538 19.8720402973613 0, -98.2059442663258 19.8721391569812 0, -98.205943377892 19.8721401209251 0, -98.2059202938842 19.8721651420689 0, -98.2059174022073 19.8721743261464 0, -98.2059056477518 19.8721810171491 0, -98.2059014894503 19.8721833834999 0, -98.2058747196549 19.8721986215814 0, -98.2058458909208 19.8722049594469 0, -98.2057918563581 19.8721816778011 0, -98.2057455859345 19.8721545800833 0, -98.2055329295539 19.8720678056831 0, -98.2054140986115 19.8719938759484 0, -98.20482928548 19.8717399417598 0, -98.2045786285663 19.8716311028008 0, -98.2041864869953 19.8714669081534 0, -98.2041426114802 19.8714118904515 0, -98.2041435259652 19.8712898195669 0, -98.2041599786096 19.8710525544284 0, -98.2041645492378 19.8708642891158 0, -98.2041474650777 19.8704156462735 0, -98.2041301437624 19.8699607512247 0, -98.2041424282239 19.8699354433337 0, -98.2044039287014 19.8699800075565 0, -98.2049392150163 19.870119755079 0, -98.2055452876773 19.8702523492704 0, -98.2059507018566 19.8703392775792 0, -98.2059699006508 19.8703475662392 0, -98.2059942926057 19.8703580953967 0, -98.2060220730059 19.8703700878045 0))"
CEBADA,AGC_160,7.61,Chignahuapan,Puebla,ENTRENAMIENTO,"POLYGON Z ((-98.2249353799658 19.8524840995997 0, -98.2249173947955 19.852543956012 0, -98.2248722328929 19.8525929685973 0, -98.224791503095 19.852680582527 0, -98.2246711450166 19.8527430412405 0, -98.2246227249244 19.852785981275 0, -98.2246393257909 19.8529863673857 0, -98.2246393257909 19.8530709461264 0, -98.2245134331921 19.8533246812329 0, -98.2244456454224 19.8534456937377 0, -98.2244444785108 19.8534945446641 0, -98.2244428786113 19.8535615005812 0, -98.2244110593856 19.8536512837365 0, -98.2243737074361 19.8537046329644 0, -98.2242021615562 19.8536226569226 0, -98.2240278497635 19.8535862238637 0, -98.2239310095793 19.8535354761136 0, -98.2237857493029 19.8534339822545 0, -98.2236626235151 19.8533585128314 0, -98.2234080724046 19.8532270907903 0, -98.2231839571143 19.8531958615319 0, -98.2230137955382 19.8531138860722 0, -98.2228574671192 19.8529486321498 0, -98.2227509430962 19.8528081014591 0, -98.2226056828198 19.852757354305 0, -98.2224507387046 19.8527924872118 0, -98.2223317640318 19.8528575474101 0, -98.2222556758289 19.8528588485969 0, -98.2217479561151 19.8527625590554 0, -98.2215888617834 19.8526909928775 0, -98.2213068949887 19.8523479883224 0, -98.2212360628286 19.8521422589113 0, -98.2212269961324 19.8520564494565 0, -98.2212236687726 19.8520157618106 0, -98.221220196784 19.8519733048684 0, -98.2211833640608 19.851946656581 0, -98.2211249987201 19.8519429253641 0, -98.2211040742622 19.8519560074359 0, -98.2210286678806 19.8520031520603 0, -98.2209646359672 19.8520388613769 0, -98.2208881381326 19.8520388613769 0, -98.2208127730734 19.8520074155822 0, -98.2207294749921 19.8519189411407 0, -98.2205869267296 19.8517599469226 0, -98.2205276046832 19.8516999871329 0, -98.2205373442175 19.8516175419626 0, -98.220684320276 19.8513135761454 0, -98.2208056188905 19.8509996166837 0, -98.220946397472 19.8507522799528 0, -98.2210464464384 19.8504691326268 0, -98.2211385282466 19.8503017424766 0, -98.2211996199741 19.8501801555495 0, -98.2212766496115 19.8502109680007 0, -98.2212820628593 19.8502256108204 0, -98.2214509748789 19.8503288211146 0, -98.2214706569667 19.8503365193624 0, -98.2217928350484 19.850498280492 0, -98.2220064777792 19.8506190399807 0, -98.2222556758289 19.8507612844536 0, -98.2228284156029 19.8510748793745 0, -98.2229847431236 19.8511685675387 0, -98.2229310355477 19.851233181432 0, -98.2229252557872 19.851240135248 0, -98.2227523265017 19.8514392221124 0, -98.2226305850178 19.851588862396 0, -98.2225627972481 19.8515901635931 0, -98.222443821677 19.8516174895768 0, -98.2223732670962 19.8517593225176 0, -98.2223871011516 19.8518048652092 0, -98.2225046924189 19.8518569138628 0, -98.2226485692898 19.851903757721 0, -98.2227952129717 19.8519063601103 0, -98.2229902767458 19.8519011553318 0, -98.2230635990359 19.8517697320837 0, -98.2231452208609 19.851702069047 0, -98.2232683466487 19.8516565263259 0, -98.2233776374828 19.8516513215392 0, -98.223471710856 19.8516851526496 0, -98.2237138104183 19.8518712270073 0, -98.2240112479988 19.8521002413668 0, -98.224108088183 19.8521236636842 0, -98.2242630322982 19.8521822181951 0, -98.2244511790445 19.8522837128548 0, -98.2246960463163 19.8523852074496 0, -98.22489676768 19.8524342935927 0, -98.2249035607402 19.8524359547226 0, -98.2249063203647 19.8524401303604 0, -98.2249286893136 19.8524739765113 0, -98.2249353799658 19.8524840995997 0))"
CEBADA,AGC_124,1.96,Chignahuapan,Puebla,ENTRENAMIENTO,"POLYGON Z ((-98.2276753484819 19.8560798125498 0, -98.2276298371347 19.8561796943203 0, -98.2275496499192 19.8562469608754 0, -98.2274694618053 19.8562673442904 0, -98.2273589330928 19.856232692061 0, -98.227332925967 19.8561531945983 0, -98.2273047233586 19.8561025541278 0, -98.227285246985 19.8560675824867 0, -98.2271768859072 19.856118542344 0, -98.2271205372843 19.8560859280034 0, -98.2268648039909 19.8560635057988 0, -98.2264898732425 19.8560981580651 0, -98.2261756245898 19.8561124268916 0, -98.226071596985 19.8560716591745 0, -98.2259112225539 19.8560431223576 0, -98.2258570415659 19.8561328111687 0, -98.226057362281 19.85624784127 0, -98.2260586423803 19.8562695097904 0, -98.2260566454254 19.8563009665691 0, -98.2260550913399 19.8563254494709 0, -98.2260364503995 19.8563688659088 0, -98.225970760196 19.8563947479672 0, -98.2257479483611 19.8563363040039 0, -98.2255828362153 19.8563137610128 0, -98.2255189219811 19.8562978970178 0, -98.2254576712518 19.8562636655594 0, -98.2254479631585 19.8562509547576 0, -98.2254187490472 19.856212702369 0, -98.2254171230965 19.8561869529316 0, -98.2254084247096 19.8560492369678 0, -98.2254300965658 19.8557985149457 0, -98.2254886119251 19.8554784877467 0, -98.2255553298013 19.8552392463569 0, -98.22559263953 19.8551054609578 0, -98.2255751574162 19.8551032895275 0, -98.2254777755479 19.8550911920407 0, -98.2253282365958 19.8549831569986 0, -98.2255666324042 19.8548995821921 0, -98.2256294821347 19.8549220045612 0, -98.2258527071946 19.8549872337143 0, -98.2260434231227 19.855015771566 0, -98.2262016317156 19.8551238065858 0, -98.2263728425239 19.8551829201677 0, -98.2265397198593 19.8553337617673 0, -98.2266677414654 19.8555026505536 0, -98.2267065962964 19.8555539080015 0, -98.2268691383622 19.8556700968962 0, -98.2270901966856 19.8557557092224 0, -98.2271779558007 19.8557847200859 0, -98.2276081643801 19.8559269337361 0, -98.2276753484819 19.8560798125498 0))"
CEBADA,AGC_172,2.33,Chignahuapan,Puebla,ENTRENAMIENTO,"POLYGON Z ((-98.2336930269246 19.8993256765953 0, -98.2336701953434 19.8994047697638 0, -98.2335608452205 19.8995912036857 0, -98.2333409430288 19.9001572826455 0, -98.233103016141 19.9005979418865 0, -98.2330261104712 19.9007075414199 0, -98.2329612215649 19.9007007620869 0, -98.2323240402457 19.9002486147233 0, -98.2319962962025 19.900016045428 0, -98.2317920157136 19.8997584286011 0, -98.2316165747387 19.8996363998316 0, -98.2315480808932 19.8996499585884 0, -98.2315415142084 19.8997205228946 0, -98.2315396690689 19.8997403499893 0, -98.2314952078522 19.8998736787528 0, -98.231457956514 19.8999030557322 0, -98.231343799506 19.8999132247828 0, -98.2312560790185 19.8998578596623 0, -98.2311671574835 19.89972227222 0, -98.2310866468744 19.8996149315161 0, -98.2310782350501 19.8994962914837 0, -98.2310722271175 19.8994217182344 0, -98.2310719001307 19.8994035998842 0, -98.2310715758389 19.8993855980976 0, -98.2310695348666 19.8993706464432 0, -98.2311533620557 19.8992831470123 0, -98.231394846272 19.8990900693191 0, -98.2316017219937 19.8989150692539 0, -98.2317432282105 19.8988369700307 0, -98.2317663005403 19.898820338253 0, -98.2318309612745 19.8988163437542 0, -98.2318622397143 19.8988144119675 0, -98.2318674041289 19.8988159374623 0, -98.2319401065815 19.8989027757663 0, -98.2320223958548 19.8990343871556 0, -98.2321454452857 19.8992036018794 0, -98.2323177134112 19.8994046337706 0, -98.2325382408303 19.899622840229 0, -98.2326548008316 19.8996895046743 0, -98.2328470645569 19.8996612569885 0, -98.2332388027844 19.8995686051855 0, -98.2335608452205 19.8994296278016 0, -98.233653372593 19.899353924341 0, -98.2336636070991 19.8993466339194 0, -98.2336930269246 19.8993256765953 0))"
CEBADA,AGC_026,5.49,Chignahuapan,Puebla,ENTRENAMIENTO,"POLYGON Z ((-98.2509228847539 19.8511202642594 0, -98.2508660797869 19.8515034184982 0, -98.2506861750833 19.8527168848301 0, -98.2505872759604 19.8530828705575 0, -98.2505037793514 19.8533809954079 0, -98.25053296292 19.8535746619422 0, -98.2506156492487 19.8536158350188 0, -98.2506294303034 19.8536692079165 0, -98.2506233711669 19.8537009060135 0, -98.2504646738904 19.8537595866807 0, -98.250235455271 19.8538125514329 0, -98.2501657388184 19.8538339000607 0, -98.2500717040728 19.8538773602714 0, -98.2499728049499 19.8539314951996 0, -98.2499463208187 19.8539512570503 0, -98.2498512071964 19.8540222286809 0, -98.2497344738202 19.8540923756378 0, -98.2496179434632 19.8541444134021 0, -98.2495533447128 19.8541563267686 0, -98.2494874802362 19.8541658583061 0, -98.2494697465942 19.8541610929599 0, -98.2494430863932 19.8541373363551 0, -98.2494375258215 19.854132381746 0, -98.2494216148612 19.8541182039927 0, -98.2493899483492 19.8540360008811 0, -98.2493595493599 19.8538715945299 0, -98.2493139508761 19.8535987751886 0, -98.2491480212634 19.8527969923617 0, -98.2490389379401 19.8522494898246 0, -98.2489335538792 19.8517820934426 0, -98.2488908758183 19.8515229508294 0, -98.2488695129826 19.8513932306558 0, -98.2488151990438 19.8511080642318 0, -98.2487973647905 19.851053166208 0, -98.2488354623417 19.8510364761844 0, -98.2488565422082 19.8510272418765 0, -98.2489481452143 19.851028004009 0, -98.2491889080835 19.8510341036035 0, -98.2494377773498 19.8509807306645 0, -98.2494896586507 19.8509883553712 0, -98.2496979950331 19.851028004009 0, -98.2497415498497 19.8510435829425 0, -98.2498131069503 19.8510691777463 0, -98.2499533492375 19.8510501159887 0, -98.2501966166097 19.8510471519527 0, -98.2502662594004 19.8510463036369 0, -98.2508872162473 19.8510463036368 0, -98.2508902489597 19.8510525924964 0, -98.2509096426883 19.8510928055353 0, -98.2509228847539 19.8511202642594 0))"
CEBADA,AGC_175,1.41,Chignahuapan,Puebla,PREDICCION,"POLYGON Z ((-98.2426291331978 19.8531258130348 0, -98.2425848318812 19.8532220820777 0, -98.2424771319635 19.8532242374802 0, -98.2423473254049 19.8532351589744 0, -98.2422380552321 19.8532443534424 0, -98.2421089682241 19.8532630321857 0, -98.2418255892778 19.8532982351093 0, -98.2415406831956 19.8533463704306 0, -98.2413367413716 19.8534110282182 0, -98.241161825911 19.8534843075755 0, -98.2410663475727 19.8534972399688 0, -98.2409415706814 19.8534307884439 0, -98.240834119597 19.8532756663388 0, -98.2408188680001 19.8532400426379 0, -98.2407999216325 19.8532262957164 0, -98.2407654002744 19.8532012479267 0, -98.2406829070836 19.8531444917921 0, -98.2406118719042 19.8530266694967 0, -98.2406305811166 19.8529818250645 0, -98.2406332338416 19.8529754678425 0, -98.2406355505967 19.8529699141447 0, -98.240714224151 19.8529196241474 0, -98.2408379643864 19.8528614315371 0, -98.2412342382077 19.8527209539996 0, -98.2412412639316 19.8527184639991 0, -98.2412428099322 19.8527173241922 0, -98.2413787519841 19.8526171647957 0, -98.241536863559 19.8525345452018 0, -98.2416293109815 19.8525536490275 0, -98.2416376886698 19.8525553802852 0, -98.2416758796458 19.852556816663 0, -98.2418668363224 19.852464139008 0, -98.2419940647161 19.8524648352292 0, -98.2419982140344 19.8524648580423 0, -98.2420035293659 19.8524758767555 0, -98.2420356414424 19.8525424486601 0, -98.2420998027132 19.8526387180568 0, -98.2421952810515 19.8527069687636 0, -98.2422055443036 19.8527115617883 0, -98.2423686693761 19.8527845592631 0, -98.2424931722812 19.8528700523217 0, -98.2425596251543 19.8529519535539 0, -98.2426291331978 19.8531258130348 0))"
CEBADA,AGC_010,7.27,Chignahuapan,Puebla,ENTRENAMIENTO,"POLYGON Z ((-98.2658767853525 19.8555807018529 0, -98.2658753848789 19.8555837739529 0, -98.2658700632592 19.8555954540156 0, -98.2657891088824 19.8556854387988 0, -98.2657653125105 19.8557118904389 0, -98.2651674423664 19.8561559042213 0, -98.2631563363292 19.8575629113044 0, -98.2631426963099 19.8575771884483 0, -98.2630880895204 19.8575974736837 0, -98.2630639976028 19.8575950995112 0, -98.2630616368303 19.8575945207538 0, -98.263058100163 19.8575936521953 0, -98.2630213114572 19.8575718385327 0, -98.2625390446087 19.8569585428617 0, -98.2619876335344 19.8562917359472 0, -98.2619552483701 19.8562481048815 0, -98.2620296450453 19.8561707222334 0, -98.2624115476187 19.8559118115335 0, -98.2625092861182 19.855845549435 0, -98.2626381485474 19.8557498573683 0, -98.2633950465479 19.8551877927873 0, -98.2646589177622 19.8542682456214 0, -98.2647464433153 19.8541990940571 0, -98.2647744518875 19.8542081499024 0, -98.2647819932443 19.8542176248272 0, -98.2654965383742 19.8551153489922 0, -98.2655654526312 19.8551957797599 0, -98.2658510180769 19.8555290692726 0, -98.2658767853525 19.8555807018529 0))"
CEBADA,AGC_008,10.77,Chignahuapan,Puebla,ENTRENAMIENTO,"POLYGON Z ((-98.2746794774329 19.8636671408299 0, -98.2746328324117 19.8637548804432 0, -98.274417545764 19.8639050515156 0, -98.2733528112853 19.864553517375 0, -98.2730450951813 19.8647403353267 0, -98.2728189011894 19.864914195406 0, -98.2724514794585 19.8651938817475 0, -98.2718796793222 19.8655588772405 0, -98.2717637113106 19.865623669452 0, -98.2716821891986 19.8656290689425 0, -98.2715145536851 19.8654217346245 0, -98.2711873180883 19.8650556582379 0, -98.2711832442285 19.8649991454405 0, -98.2711827250023 19.8649919455278 0, -98.2712424315276 19.8649098756251 0, -98.2713273977805 19.8648666803443 0, -98.2713859553606 19.8648666803443 0, -98.2714663294257 19.8648904378769 0, -98.2715639259914 19.8650329813081 0, -98.2717097459182 19.8651820030044 0, -98.2718636039702 19.8652651533427 0, -98.272019758116 19.8652392364027 0, -98.2721495044875 19.8651679647958 0, -98.2722493971471 19.8651290893604 0, -98.2723630681665 19.8650081440635 0, -98.2724365530517 19.8648936779242 0, -98.2724399971925 19.8647457348473 0, -98.2724193296527 19.8645977924772 0, -98.272343549572 19.8643688586787 0, -98.2721667269881 19.8641777204887 0, -98.2720530559687 19.8640405758333 0, -98.2719210135034 19.8639768635603 0, -98.2718498256104 19.8639639049855 0, -98.2716557814242 19.8639963014204 0, -98.2713400280934 19.864094570425 0, -98.2711804289084 19.8641118479469 0, -98.2709634201903 19.8641064484047 0, -98.2707131136195 19.8640848510788 0, -98.2702869501538 19.8640209411246 0, -98.2702061583721 19.8640001861196 0, -98.2701700182499 19.8639909018742 0, -98.2700287905108 19.863916390484 0, -98.2697428899936 19.8636582992764 0, -98.2696280709272 19.8634703994614 0, -98.2693260959562 19.8631431953471 0, -98.269115976418 19.8629336974392 0, -98.2691033461051 19.8628894218724 0, -98.2691117776924 19.8628812992625 0, -98.2691186156683 19.8628747109419 0, -98.2692732786108 19.8627889926242 0, -98.2699931965643 19.862354877387 0, -98.2718245658829 19.8612393474666 0, -98.271960052489 19.8611594351411 0, -98.2719812500348 19.8611635395792 0, -98.2720381295619 19.8611745543088 0, -98.2721345780807 19.8612717444581 0, -98.2723446976189 19.8614650465102 0, -98.272749076939 19.8618549550727 0, -98.2732191186148 19.8623054724154 0, -98.273283129867 19.8623871769899 0, -98.2732944693008 19.8624016505555 0, -98.2731796493362 19.8625062647154 0, -98.2729464224339 19.862646312841 0, -98.2727203721724 19.8627914224806 0, -98.2726468163203 19.8629652162618 0, -98.2726539920628 19.8630377713748 0, -98.2728262215607 19.8632874943009 0, -98.2728549263273 19.8635237183514 0, -98.2729823038413 19.8636502671069 0, -98.2730020380315 19.8637008865808 0, -98.2729769220344 19.8638426208528 0, -98.2729015713484 19.864019788726 0, -98.2729105419248 19.8641513986799 0, -98.2729607748172 19.8642070795865 0, -98.2731724735937 19.8641260890169 0, -98.2736443092051 19.8639624197087 0, -98.2738739482361 19.8637717541551 0, -98.2739492980238 19.8637278835143 0, -98.2740677058597 19.8637920014241 0, -98.2741287032642 19.863803812682 0, -98.2742506989713 19.8636030228695 0, -98.2743439899119 19.8634967213831 0, -98.2744570150426 19.8634967213831 0, -98.2744847756799 19.8635165952549 0, -98.2745772168142 19.8635827747315 0, -98.2746794774329 19.8636671408299 0))"
CEBADA,AGC_154,1.49,Chignahuapan,Puebla,PREDICCION,"POLYGON Z ((-98.2632655193654 19.8780658803672 0, -98.2632454033913 19.8780841456181 0, -98.2632197160657 19.878121144973 0, -98.2631753824098 19.8781423331971 0, -98.2631756411246 19.8781439011306 0, -98.2631186025957 19.8781975411752 0, -98.2630710709374 19.878166657285 0, -98.262816115585 19.877425010424 0, -98.2625257522374 19.8766371064647 0, -98.2625081820888 19.8765768114015 0, -98.2624764922205 19.8764680585543 0, -98.2625352582097 19.87642498385 0, -98.26264847019 19.8763640289163 0, -98.2629371177555 19.8761510932362 0, -98.2630708975625 19.8760513946948 0, -98.2630745276546 19.876048688791 0, -98.2630926763183 19.8760885127967 0, -98.2631350229007 19.8762128609513 0, -98.2635351540879 19.8773393041971 0, -98.2636362675579 19.8776391997571 0, -98.2636368739208 19.8776765548743 0, -98.263637806372 19.8777340067874 0, -98.2636379959165 19.8777456666332 0, -98.2635757723117 19.8778318153121 0, -98.2635074994518 19.8778935823722 0, -98.2633951516508 19.8779569747895 0, -98.2632655193654 19.8780658803672 0))"
CEBADA,AGC_012,4.08,Chignahuapan,Puebla,ENTRENAMIENTO,"POLYGON Z ((-98.2397002516724 19.8878306481043 0, -98.2396350025417 19.8878871933085 0, -98.2395748711132 19.8879148644483 0, -98.2393880790263 19.8879184740209 0, -98.2392540494876 19.8879157919724 0, -98.2392076838425 19.8879148644483 0, -98.2389569227242 19.8879921454383 0, -98.2389031873006 19.8880087057059 0, -98.2388722511188 19.8880139033859 0, -98.2384592371922 19.8880832978466 0, -98.2383440911391 19.8881266084423 0, -98.2383138754062 19.8881573907118 0, -98.2382828143586 19.8881890329188 0, -98.2382826805096 19.8881891697663 0, -98.2382903566137 19.8882529331277 0, -98.2383735172528 19.8886282970231 0, -98.238421205218 19.8888035517421 0, -98.238498897812 19.8890890794942 0, -98.2385129717175 19.8891961536412 0, -98.2385105390798 19.8892002379244 0, -98.2385081612392 19.8892042318211 0, -98.2384771487007 19.8892563078998 0, -98.2383287380325 19.889326087014 0, -98.2381393875437 19.8893886470195 0, -98.2381079572886 19.8894014616006 0, -98.237956433958 19.8894632376656 0, -98.2379236355687 19.8894767314046 0, -98.2379154932389 19.8894800807643 0, -98.237804185687 19.8893044314593 0, -98.2374953907064 19.8887517340034 0, -98.2371932486488 19.8882720385629 0, -98.2371072726896 19.8881111134024 0, -98.2370245728862 19.8879540375562 0, -98.2370315420162 19.8879093913799 0, -98.2370330718471 19.8878995890201 0, -98.2375166664056 19.8876083334671 0, -98.2375340488064 19.8875852762514 0, -98.2376413022614 19.8875273928686 0, -98.2378991807317 19.8871232273579 0, -98.2379307520223 19.887059063133 0, -98.2380231221897 19.8868713279075 0, -98.2380491104509 19.8866720642072 0, -98.2381050835779 19.8865893508516 0, -98.2383649616981 19.8863712886226 0, -98.2384464981832 19.886374939623 0, -98.2384784638342 19.8863763706259 0, -98.2385328819775 19.8863788077235 0, -98.238800756002 19.8864577612181 0, -98.238852731626 19.8865780717928 0, -98.2387287901679 19.8865912312579 0, -98.2386605532406 19.886594796089 0, -98.2385488746845 19.8866006299097 0, -98.2383229807299 19.8866664246808 0, -98.2381850462147 19.8868450107122 0, -98.2380770974636 19.8871063088263 0, -98.2379811421199 19.8872078199888 0, -98.2381190775335 19.887128866868 0, -98.2383549661439 19.8867980141409 0, -98.2385268848247 19.8866965027157 0, -98.2387226097588 19.8866692351518 0, -98.2387427832251 19.8866664246808 0, -98.2388427360718 19.8866382270458 0, -98.2388847161417 19.8866833432594 0, -98.2387772578708 19.8867347874523 0, -98.2387747677408 19.8867359793888 0, -98.2385908547544 19.8867397385083 0, -98.2385737687977 19.8867713446744 0, -98.2385778624204 19.8868922319718 0, -98.2385639430251 19.8869630705927 0, -98.238391992005 19.8871979153716 0, -98.2383330373695 19.8873388227477 0, -98.2380480899647 19.8876429653226 0, -98.2380734727614 19.8876599049155 0, -98.2381758250083 19.8875805972286 0, -98.2383829531566 19.8873676065094 0, -98.238494900309 19.8871645834793 0, -98.238634834474 19.8869765991792 0, -98.2387427832251 19.8868976459432 0, -98.2388846532596 19.886863612849 0, -98.2389386905172 19.8868506502322 0, -98.2390986148923 19.8868957663853 0, -98.2392065645417 19.8869390029682 0, -98.2392525430129 19.8871175878476 0, -98.2392985205857 19.8871739829419 0, -98.2392605389172 19.8872266189083 0, -98.239301079886 19.8873073011691 0, -98.2394801949705 19.8874167831916 0, -98.239569753411 19.8874949843485 0, -98.2395927826217 19.8875984508382 0, -98.2395953410236 19.8876934951942 0, -98.2396695463577 19.8877512442026 0, -98.2397002516724 19.8878306481043 0))"
CEBADA,AGC_049,0.87,Chignahuapan,Puebla,ENTRENAMIENTO,"POLYGON Z ((-98.2369188842964 19.885924392698 0, -98.2368477089798 19.8859578583219 0, -98.2365458714511 19.8860656923261 0, -98.2364905127717 19.8860880030044 0, -98.2364376289509 19.8860767002569 0, -98.2364035208179 19.8860694109135 0, -98.236323118905 19.8860780873355 0, -98.2362854983593 19.8861407550624 0, -98.2362769859236 19.8861549341759 0, -98.2361188186532 19.8862293024865 0, -98.2357709451611 19.8863574094139 0, -98.2357418514241 19.8863681233521 0, -98.2356060908318 19.8864090251964 0, -98.2355496047667 19.8863592991151 0, -98.2355441412132 19.8863544891201 0, -98.2355452802769 19.8863528266561 0, -98.2355942276801 19.8862813601142 0, -98.2356258618529 19.8862627680459 0, -98.2355902741946 19.8862119496586 0, -98.2355006456854 19.8861735262569 0, -98.2354176072172 19.8861474978498 0, -98.2353055711316 19.8859814082637 0, -98.2352488946237 19.8858500242443 0, -98.2353010840467 19.8857973903547 0, -98.2353398409613 19.8857583037227 0, -98.2354721340566 19.8857131374054 0, -98.2357224999162 19.8855898163222 0, -98.2357972101034 19.8855686637289 0, -98.235918471887 19.885589735226 0, -98.235985693718 19.8856913715389 0, -98.2361939483537 19.8859900846905 0, -98.2362387626083 19.8860359453132 0, -98.2362941212877 19.8860037189539 0, -98.2362677602257 19.8859231534494 0, -98.2362374438814 19.8857855714435 0, -98.2362440348207 19.8857235979618 0, -98.236282258136 19.885656666608 0, -98.2363244367336 19.8856380744664 0, -98.236425927496 19.8856380744664 0, -98.2365274191568 19.8856950901351 0, -98.2365445536226 19.8857409508432 0, -98.2364509707295 19.8859553798251 0, -98.2364615151543 19.886001239613 0, -98.2364918314986 19.886000000365 0, -98.2365801412809 19.8857781351001 0, -98.2366210011516 19.8856269195183 0, -98.2366473631119 19.885572382328 0, -98.2367066761752 19.8855389166227 0, -98.236769942724 19.8855810587772 0, -98.2367989403414 19.885683935191 0, -98.2368819788096 19.8857645008172 0, -98.2368889102103 19.8857767851878 0, -98.2369162486394 19.8858252350335 0, -98.2369188842964 19.885924392698 0))"
CEBADA,AGC_090,10.98,Chignahuapan,Puebla,ENTRENAMIENTO,"POLYGON Z ((-98.2894567153476 19.8543283497667 0, -98.2894533385804 19.8543329376749 0, -98.2894114016297 19.8543899122182 0, -98.2893224522469 19.8543835981434 0, -98.2891932242034 19.854533558409 0, -98.2890019001159 19.8546898317509 0, -98.2888575677992 19.8549566021574 0, -98.288765583009 19.855078114452 0, -98.2887082004253 19.8551539167984 0, -98.2884144998364 19.8554049017621 0, -98.287817030341 19.8559194968368 0, -98.2874588271214 19.8561910456696 0, -98.2871205422467 19.8564719741982 0, -98.2870310439932 19.8565306437016 0, -98.28702374069 19.8565354309442 0, -98.2869559358523 19.8564971676404 0, -98.2867389675584 19.8562092475376 0, -98.285151444127 19.8542806786037 0, -98.2851962458052 19.8542540323936 0, -98.2852244834478 19.8542372370917 0, -98.286038652641 19.8536199692244 0, -98.2866014822008 19.8531764637496 0, -98.2867874532275 19.8530273057257 0, -98.2875058763844 19.8524510924652 0, -98.2877325123474 19.8522712645073 0, -98.2877926617423 19.8522581309208 0, -98.2878006073409 19.8522620708278 0, -98.2878136697435 19.8522685489034 0, -98.2878517376503 19.8522874288549 0, -98.2893879052951 19.8542052247918 0, -98.2894567153476 19.8543283497667 0))"
CEBADA,AGC_131,1.46,Chignahuapan,Puebla,ENTRENAMIENTO,"POLYGON Z ((-98.2643376577587 19.8751296748491 0, -98.2642551780426 19.8751821467002 0, -98.2641282236351 19.875274163113 0, -98.2638549067183 19.8754399437418 0, -98.2637685417886 19.8754917573864 0, -98.2637551937218 19.875496133481 0, -98.2637374942157 19.8755019364525 0, -98.263714205392 19.8754926892074 0, -98.263711549972 19.8754743746591 0, -98.2637100650568 19.8754746813236 0, -98.2636277793768 19.8752405811836 0, -98.2631651146661 19.8739931744407 0, -98.2630854161341 19.8737960606497 0, -98.2631071526691 19.8737649123195 0, -98.2631723604772 19.873729382771 0, -98.2631982490254 19.8737133110038 0, -98.2633824737272 19.8735989474584 0, -98.2634554447761 19.8735342159536 0, -98.2634728047189 19.8735380057997 0, -98.2635423882208 19.8735531972861 0, -98.2636500333413 19.8735872661871 0, -98.2637566427043 19.8736588111088 0, -98.2638052891719 19.8737113755317 0, -98.2641557165743 19.8746703546948 0, -98.2643184356083 19.8750811482344 0, -98.2643300634013 19.8751105027788 0, -98.2643376577587 19.8751296748491 0))"
CEBADA,AGC_022,11.99,Chignahuapan,Puebla,ENTRENAMIENTO,"POLYGON Z ((-98.2692638885211 19.8751221991443 0, -98.2692538543394 19.8752024136323 0, -98.2692124545812 19.8753646368556 0, -98.2692011717412 19.8754088489575 0, -98.2691986034578 19.8756808273709 0, -98.2691877751654 19.8768275597081 0, -98.2691901835487 19.8769604321405 0, -98.269120341332 19.877025358239 0, -98.2689991217692 19.8770193179351 0, -98.2682804821183 19.8770095985365 0, -98.2681656513739 19.8770042340702 0, -98.2679016697496 19.8769919042451 0, -98.2676043893743 19.8769919042451 0, -98.2665645373306 19.8770119572119 0, -98.2664089985307 19.8769919042451 0, -98.2663271871612 19.877048836856 0, -98.2657107470435 19.8770637923073 0, -98.2656402849893 19.8770615958338 0, -98.2655006005559 19.8770615958338 0, -98.2654734202303 19.8770590893194 0, -98.2648262649165 19.875150793354 0, -98.2647957590277 19.8750420783894 0, -98.2648124326577 19.8750211710721 0, -98.2648391090284 19.8749877208792 0, -98.2649718000774 19.8748830135774 0, -98.2652098437462 19.8746951718399 0, -98.2657642641766 19.8743011730133 0, -98.2662302625353 19.8739974280786 0, -98.2662305706574 19.8739972278577 0, -98.266254713779 19.873981490664 0, -98.2664491370543 19.8740558080859 0, -98.2690243087332 19.8750337266143 0, -98.2692638885211 19.8751221991443 0))"
CEBADA,AGC_014,7.44,Chignahuapan,Puebla,ENTRENAMIENTO,"POLYGON Z ((-98.2639244893219 19.8502227033801 0, -98.262570218844 19.8512095705626 0, -98.2625474267886 19.8512335430642 0, -98.2625152976441 19.8512496602012 0, -98.2624768731061 19.8512826397028 0, -98.2623908306716 19.851183366583 0, -98.2613262084823 19.8498232149986 0, -98.2614065133772 19.8497784347219 0, -98.2623501046499 19.8490845956795 0, -98.2641557264558 19.8478150355511 0, -98.2641707552705 19.847826384119 0, -98.2642083219174 19.8478547517329 0, -98.2642193613139 19.8478630880402 0, -98.2652751647421 19.8491967513142 0, -98.2652745988034 19.8492106008232 0, -98.2652745646675 19.8492114280252 0, -98.2652733726031 19.8492405887956 0, -98.2651299691444 19.8493594540294 0, -98.264916657892 19.8495095119866 0, -98.2639244893219 19.8502227033801 0))"
CEBADA,AGC_016,7.47,Chignahuapan,Puebla,PREDICCION,"POLYGON Z ((-98.2519314709341 19.8642497757312 0, -98.2519304827873 19.8642502674431 0, -98.2519261097885 19.8642558891802 0, -98.2518729681512 19.8642823072862 0, -98.2518083720958 19.864295755857 0, -98.2517049068363 19.864331215706 0, -98.2516325484385 19.8643401408637 0, -98.2516230586358 19.8643044410748 0, -98.2518408273287 19.8619187315641 0, -98.251858048931 19.8617300625378 0, -98.2518591125363 19.8617184032038 0, -98.2521580359303 19.8616827028249 0, -98.2532817025866 19.8615968081279 0, -98.2533110253941 19.8615945666614 0, -98.2533330233387 19.8615920049853 0, -98.2536941694392 19.8615499409403 0, -98.2540642645564 19.8614461862382 0, -98.2544118218415 19.8612989209199 0, -98.2544770637857 19.861283302439 0, -98.2554106056053 19.8613747853497 0, -98.2553453636612 19.8614896959013 0, -98.2548791865378 19.8623230804788 0, -98.2544308014469 19.8630571679513 0, -98.2542208436054 19.8633885112632 0, -98.2541639056877 19.863407476913 0, -98.2540859570739 19.8634109020172 0, -98.2540369818229 19.8634130547467 0, -98.2536929827646 19.8634643738487 0, -98.2533217018712 19.86350676773 0, -98.2530749714936 19.8635837463313 0, -98.2529255097966 19.8635904402311 0, -98.2525945587678 19.8636261401806 0, -98.2524071387585 19.8637890215738 0, -98.2522102289466 19.86397979356 0, -98.2520524641214 19.8641304037499 0, -98.2519801811821 19.8642017180665 0, -98.2519314709341 19.8642497757312 0))"
CEBADA,AGC_161,3.36,Chignahuapan,Puebla,ENTRENAMIENTO,"POLYGON Z ((-98.220956401111 19.8638523706291 0, -98.2208974815098 19.8642134887402 0, -98.2207874971763 19.8649024729414 0, -98.2207541085938 19.8650493209315 0, -98.2207040266184 19.8653300850761 0, -98.2207217027683 19.8654048940376 0, -98.2206951889927 19.8657826328783 0, -98.2206667106015 19.866019988699 0, -98.220602880809 19.8663838721518 0, -98.2205400319768 19.8666249216155 0, -98.2204673645585 19.867010045773 0, -98.2204644180844 19.8671522738594 0, -98.2204408498846 19.8673591496961 0, -98.2204437963587 19.8675096899335 0, -98.220363272275 19.8675808033461 0, -98.2202189175004 19.8675604847487 0, -98.219872271107 19.8674976837917 0, -98.2197354145701 19.8674085759042 0, -98.2197141685153 19.8673702324282 0, -98.2196415001987 19.867264023866 0, -98.2195678500235 19.867072847768 0, -98.2195410218375 19.8670357942982 0, -98.2195227959187 19.8670505715859 0, -98.2195548478081 19.8671622844909 0, -98.2196321514315 19.8673815736834 0, -98.2196391457143 19.8673987672072 0, -98.2196598042709 19.8674495476955 0, -98.2195856438526 19.8674838299652 0, -98.2195152536636 19.8674495476955 0, -98.2194454922953 19.8673254216207 0, -98.2192473490964 19.8670553002164 0, -98.2192120578822 19.8668532717437 0, -98.2191859294838 19.8666976980953 0, -98.2191551334392 19.8665942593567 0, -98.2192123255801 19.866478407957 0, -98.2192758023347 19.8664092515774 0, -98.2193392790893 19.8663548725202 0, -98.2193977279733 19.8662934000425 0, -98.2194322942471 19.8662543888613 0, -98.2195290805324 19.8662673928711 0, -98.2196585511211 19.8663089394585 0, -98.2198979988567 19.8663542811219 0, -98.2199191676564 19.8663590216011 0, -98.2199581401667 19.8663677481038 0, -98.2199639899958 19.8663690584732 0, -98.2199841014784 19.866319998608 0, -98.2200790021999 19.8658081230764 0, -98.2201413389924 19.8652534292144 0, -98.2202120435918 19.8650354668911 0, -98.22026016185 19.8647971861615 0, -98.2202925676756 19.8646447973218 0, -98.2204271020675 19.8637692491204 0, -98.2204850407084 19.8637360001667 0, -98.2209122111855 19.8637295352324 0, -98.2209514918179 19.863775714053 0, -98.220956401111 19.8638523706291 0))"
CEBADA,AGC_069,0.38,Chignahuapan,Puebla,ENTRENAMIENTO,"POLYGON Z ((-98.2482362689792 19.8693433333372 0, -98.2482223738384 19.8694291562512 0, -98.2482127313221 19.869488715645 0, -98.2482207559726 19.8695096794513 0, -98.2482299071104 19.8695335866694 0, -98.2482305431176 19.8696813613808 0, -98.2481930106067 19.8698105901115 0, -98.2481841038107 19.8699715270997 0, -98.2481503882414 19.8699637495454 0, -98.2481002074513 19.8698914392245 0, -98.2476961766776 19.8693092314202 0, -98.247631138651 19.8691914295802 0, -98.2479533616485 19.8690135155773 0, -98.2479754467297 19.8690059027199 0, -98.2480613274675 19.869007099014 0, -98.2480765404369 19.869008121271 0, -98.2480880451607 19.8690088943 0, -98.2481828317962 19.8691165852322 0, -98.2482184562854 19.8692194892317 0, -98.2482362689792 19.8693433333372 0))"
CEBADA,AGC_165,6.21,Chignahuapan,Puebla,ENTRENAMIENTO,"POLYGON Z ((-98.2395640679736 19.8925577517173 0, -98.239563784106 19.892558149578 0, -98.2395635415609 19.8925584891535 0, -98.2395108131486 19.8926323341129 0, -98.2393023267476 19.8927346197149 0, -98.239005458699 19.8928688692033 0, -98.2387618463737 19.8930052497875 0, -98.2377352741249 19.8934367646765 0, -98.237169865502 19.8936722325424 0, -98.2369353180762 19.8937681247192 0, -98.2362430044531 19.8940675203645 0, -98.2361308291286 19.8941122695483 0, -98.2360701685924 19.8941332081344 0, -98.2360496726309 19.8941335789606 0, -98.2356336188054 19.8943083815822 0, -98.235547631168 19.8943652336354 0, -98.2355203107053 19.8943832968117 0, -98.2354919832311 19.8943832968117 0, -98.2354105428658 19.894291734124 0, -98.2352494336129 19.8940420161285 0, -98.2350883234616 19.8936524553703 0, -98.2349998007785 19.8934526798609 0, -98.2349662370246 19.893340156829 0, -98.2349644251227 19.893334082514 0, -98.2350022064669 19.8933142884054 0, -98.2350812411439 19.8932728823626 0, -98.2353999202876 19.8931746593266 0, -98.2355344744424 19.8931247157445 0, -98.2358774575061 19.892915943376 0, -98.2359310527926 19.8928833197121 0, -98.2368693862259 19.8924754435203 0, -98.2372907517897 19.892308962709 0, -98.2378448991323 19.8920775550621 0, -98.2384397671067 19.8918394873146 0, -98.2388930004052 19.8916763357195 0, -98.2389141350689 19.8916737593247 0, -98.239051530595 19.8916570119126 0, -98.2390842077118 19.8916530282144 0, -98.2393232170695 19.8920425938917 0, -98.2395164788231 19.8924266983691 0, -98.2395640679736 19.8925577517173 0))"
CEBADA,AGC_021,2.86,Chignahuapan,Puebla,ENTRENAMIENTO,"POLYGON Z ((-98.2187020824987 19.8606762344003 0, -98.2186681225877 19.860875479246 0, -98.2184999408986 19.8614701690215 0, -98.2184963269762 19.861477553278 0, -98.2183689530554 19.8617378548589 0, -98.218362484287 19.8618853859063 0, -98.2179598180542 19.8634154431949 0, -98.2178595552887 19.8637378791544 0, -98.2178752066359 19.8638232573223 0, -98.2178757267604 19.8638260926996 0, -98.2178983661022 19.8640116450523 0, -98.2178008827242 19.8644672212324 0, -98.2177743878133 19.8645525677477 0, -98.2177519604739 19.8645706199601 0, -98.2176843874016 19.864655357273 0, -98.2175870998563 19.8647322542099 0, -98.2175467367539 19.8647322542099 0, -98.2173863165088 19.8646621710983 0, -98.2173128343186 19.8646105811826 0, -98.2172853773119 19.8645834982232 0, -98.2172770669972 19.8645753013521 0, -98.2172455612836 19.8644451060535 0, -98.2172776455123 19.8642270674261 0, -98.2175425964188 19.8629558195878 0, -98.2179669327112 19.8607384111544 0, -98.2179814225368 19.8606410702888 0, -98.2180439084496 19.8604496124637 0, -98.2181441712151 19.8604450500789 0, -98.2183236734735 19.8604633013071 0, -98.2184773006584 19.8605317446613 0, -98.2186373975101 19.8605347862496 0, -98.2187020824987 19.8606762344003 0))"
CEBADA,AGC_193,12.41,Chignahuapan,Puebla,ENTRENAMIENTO,"POLYGON Z ((-98.2741480646535 19.8676146310593 0, -98.2739049257404 19.8677870686443 0, -98.2739013962596 19.8677891562611 0, -98.2738609702752 19.8678130645835 0, -98.2738608256465 19.8678139280169 0, -98.2738060248209 19.8678535732942 0, -98.2737153928935 19.8678059991292 0, -98.272334839507 19.866292534911 0, -98.271742571257 19.865667123898 0, -98.2718669268384 19.8655987342963 0, -98.2727404477224 19.8650189532248 0, -98.2737164466174 19.8643934974802 0, -98.2746965346435 19.863753211828 0, -98.2747062157873 19.8637574970008 0, -98.2747842012321 19.8637920124074 0, -98.2748040279487 19.8638007872089 0, -98.2768211113759 19.8656750528927 0, -98.2768716964078 19.8657672294328 0, -98.2768390264776 19.8658167862451 0, -98.2759769716899 19.8663866931208 0, -98.2741480646535 19.8676146310593 0))"
Cebada,AGC_098,4.9,Calpulalpan,Tlaxcala,ENTRENAMIENTO,"POLYGON Z ((-98.577597 19.546637 0, -98.578712 19.543959 0, -98.580508 19.544944 0, -98.580252 19.545317 0, -98.58027 19.545474 0, -98.580236 19.545594 0, -98.580038 19.545773 0, -98.579915 19.545879 0, -98.579682 19.545954 0, -98.579362 19.546095 0, -98.579174 19.546101 0, -98.578859 19.546091 0, -98.578685 19.546182 0, -98.578463 19.546273 0, -98.578255 19.54657 0, -98.578191 19.546695 0, -98.578191 19.546844 0, -98.57801 19.547214 0, -98.57787 19.547495 0, -98.577639 19.547741 0, -98.577139 19.54832 0, -98.576969 19.548218 0, -98.577105 19.548136 0, -98.577269 19.54796 0, -98.577398 19.547768 0, -98.577429 19.547654 0, -98.577431 19.547373 0, -98.577531 19.5472 0, -98.577771 19.547042 0, -98.577976 19.546818 0, -98.57807 19.546673 0, -98.57816 19.546502 0, -98.578285 19.54626 0, -98.578376 19.546159 0, -98.578513 19.545866 0, -98.578579 19.545804 0, -98.578724 19.545677 0, -98.578904 19.545592 0, -98.57867 19.545522 0, -98.578535 19.545578 0, -98.578425 19.54567 0, -98.578158 19.546106 0, -98.577992 19.54638 0, -98.577898 19.54656 0, -98.577748 19.546796 0, -98.577318 19.547104 0, -98.577155 19.547415 0, -98.577162 19.547261 0, -98.577283 19.546965 0, -98.577597 19.546637 0))"
Cebada,AGC_187,8.04,Calpulalpan,Tlaxcala,ENTRENAMIENTO,"POLYGON Z ((-98.574213 19.608422 0, -98.571881 19.607467 0, -98.571825 19.607342 0, -98.572567 19.604558 0, -98.574315 19.604716 0, -98.574145 19.607556 0, -98.574213 19.608422 0))"
Cebada,AGC_040,5.46,Calpulalpan,Tlaxcala,ENTRENAMIENTO,"POLYGON Z ((-98.537996 19.593032 0, -98.538805 19.594446 0, -98.538704 19.594671 0, -98.538617 19.59512 0, -98.53866 19.595419 0, -98.538735 19.595575 0, -98.538842 19.59572 0, -98.538893 19.596334 0, -98.53887 19.597344 0, -98.536581 19.594616 0, -98.537924 19.593181 0, -98.537996 19.593032 0))"
Cebada,AGC_025,2.0,Calpulalpan,Tlaxcala,PREDICCION,"POLYGON Z ((-98.536517 19.590187 0, -98.537728 19.592443 0, -98.537897 19.592907 0, -98.537914 19.593074 0, -98.537823 19.593193 0, -98.535912 19.59083 0, -98.536517 19.590187 0))"
Cebada,AGC_050,2.42,Calpulalpan,Tlaxcala,PREDICCION,"POLYGON Z ((-98.590311 19.579587 0, -98.590884 19.581961 0, -98.5905 19.581991 0, -98.589112 19.581486 0, -98.590311 19.579587 0))"
Cebada,AGC_039,7.71,Calpulalpan,Tlaxcala,PREDICCION,"POLYGON Z ((-98.598085 19.575457 0, -98.59728 19.577086 0, -98.593965 19.575483 0, -98.594932 19.573879 0, -98.598085 19.575457 0))"
Cebada,AGC_099,1.17,Calpulalpan,Tlaxcala,ENTRENAMIENTO,"POLYGON Z ((-98.527999 19.570669 0, -98.529418 19.568898 0, -98.529437 19.569005 0, -98.529046 19.570735 0, -98.527999 19.570669 0))"
Cebada,AGC_048,8.29,Nanacamilpa de Mariano Arista,Tlaxcala,ENTRENAMIENTO,"POLYGON Z ((-98.517457 19.549211 0, -98.517688 19.548936 0, -98.517589 19.548643 0, -98.517735 19.54843 0, -98.518121 19.548501 0, -98.518441 19.548608 0, -98.518677 19.548865 0, -98.518601 19.549407 0, -98.51862 19.54985 0, -98.518602 19.550155 0, -98.518716 19.550845 0, -98.518785 19.551443 0, -98.518392 19.551648 0, -98.518164 19.551877 0, -98.517833 19.552255 0, -98.517467 19.552629 0, -98.517442 19.552718 0, -98.517502 19.552976 0, -98.517401 19.553127 0, -98.517115 19.553372 0, -98.516663 19.553644 0, -98.51616 19.553756 0, -98.515568 19.554035 0, -98.515004 19.554409 0, -98.515122 19.553987 0, -98.515202 19.553788 0, -98.515207 19.553524 0, -98.515259 19.553367 0, -98.515495 19.553187 0, -98.51577 19.553 0, -98.516058 19.552753 0, -98.516203 19.552525 0, -98.516394 19.552454 0, -98.516748 19.552415 0, -98.517008 19.551929 0, -98.517271 19.551565 0, -98.517251 19.551134 0, -98.517307 19.550348 0, -98.517434 19.549859 0, -98.517344 19.549593 0, -98.517457 19.549211 0))"
Cebada,AGC_120,7.47,Nanacamilpa de Mariano Arista,Tlaxcala,PREDICCION,"POLYGON Z ((-98.537511 19.534234 0, -98.537813 19.534158 0, -98.538053 19.533904 0, -98.538581 19.533579 0, -98.539478 19.534215 0, -98.538555 19.534816 0, -98.538012 19.535313 0, -98.537433 19.536312 0, -98.537111 19.536815 0, -98.536704 19.537249 0, -98.536464 19.537807 0, -98.536143 19.538461 0, -98.535876 19.538797 0, -98.53553 19.539191 0, -98.535263 19.539614 0, -98.534903 19.539921 0, -98.534541 19.539988 0, -98.534213 19.540203 0, -98.533868 19.539801 0, -98.533967 19.539686 0, -98.534319 19.539484 0, -98.534477 19.539282 0, -98.534449 19.538846 0, -98.534562 19.538729 0, -98.534887 19.538779 0, -98.535293 19.538531 0, -98.53545 19.538272 0, -98.535547 19.537939 0, -98.535724 19.537518 0, -98.53585 19.537137 0, -98.536052 19.536924 0, -98.536463 19.536717 0, -98.53674 19.536459 0, -98.536915 19.535939 0, -98.536871 19.535443 0, -98.537202 19.535119 0, -98.537289 19.534591 0, -98.537511 19.534234 0))"
Cebada,AGC_112,7.96,Calpulalpan,Tlaxcala,ENTRENAMIENTO,"POLYGON Z ((-98.528302 19.585544 0, -98.52778 19.589182 0, -98.525735 19.589038 0, -98.525992 19.587986 0, -98.5265 19.588005 0, -98.526501 19.588078 0, -98.526689 19.588089 0, -98.526695 19.587974 0, -98.526508 19.587947 0, -98.5265 19.587993 0, -98.525995 19.587973 0, -98.526592 19.585428 0, -98.528302 19.585544 0))"
Cebada,AGC_138,7.86,Calpulalpan,Tlaxcala,ENTRENAMIENTO,"POLYGON Z ((-98.524998 19.56812 0, -98.523945 19.566466 0, -98.526263 19.563638 0, -98.527304 19.565264 0, -98.524998 19.56812 0))"
Cebada,AGC_029,5.9,Calpulalpan,Tlaxcala,PREDICCION,"POLYGON Z ((-98.557818 19.546196 0, -98.557183 19.548502 0, -98.555391 19.548013 0, -98.556256 19.545012 0, -98.557818 19.546196 0))"
Cebada,AGC_122,7.45,Calpulalpan,Tlaxcala,ENTRENAMIENTO,"POLYGON Z ((-98.599417 19.539941 0, -98.60053 19.539395 0, -98.600837 19.539277 0, -98.601474 19.541579 0, -98.601626 19.542108 0, -98.601711 19.542525 0, -98.60192 19.543088 0, -98.602003 19.543223 0, -98.601931 19.543332 0, -98.601777 19.543379 0, -98.60153 19.543336 0, -98.601184 19.543229 0, -98.600982 19.543278 0, -98.600873 19.543368 0, -98.600496 19.543693 0, -98.600385 19.543691 0, -98.600208 19.543514 0, -98.599802 19.541561 0, -98.599417 19.539941 0))"
Cebada,AGC_023,7.72,Calpulalpan,Tlaxcala,ENTRENAMIENTO,"POLYGON Z ((-98.522869 19.604348 0, -98.524859 19.607154 0, -98.523378 19.608397 0, -98.523207 19.60824 0, -98.52209 19.606785 0, -98.521629 19.605964 0, -98.521604 19.6057 0, -98.522236 19.604976 0, -98.522869 19.604348 0))"
Cebada,AGC_004,8.0,Calpulalpan,Tlaxcala,ENTRENAMIENTO,"POLYGON Z ((-98.537013 19.580643 0, -98.535712 19.580497 0, -98.536398 19.575284 0, -98.537699 19.575411 0, -98.537013 19.580643 0))"
Cebada,AGC_144,7.48,Calpulalpan,Tlaxcala,ENTRENAMIENTO,"POLYGON Z ((-98.597096 19.577598 0, -98.598518 19.578227 0, -98.596769 19.581898 0, -98.595287 19.581309 0, -98.597096 19.577598 0))"
Cebada,AGC_147,6.8,Calpulalpan,Tlaxcala,PREDICCION,"POLYGON Z ((-98.601993 19.569461 0, -98.604116 19.570613 0, -98.605209 19.571233 0, -98.604438 19.572473 0, -98.602164 19.57146 0, -98.601155 19.57089 0, -98.601993 19.569461 0))"
Cebada,AGC_075,3.9,Calpulalpan,Tlaxcala,PREDICCION,"POLYGON Z ((-98.544582 19.5648 0, -98.545155 19.562879 0, -98.546895 19.563419 0, -98.546441 19.565017 0, -98.544582 19.5648 0))"
Cebada,AGC_093,3.71,Calpulalpan,Tlaxcala,PREDICCION,"POLYGON Z ((-98.545629 19.561135 0, -98.547363 19.561688 0, -98.546913 19.56336 0, -98.545143 19.562818 0, -98.545629 19.561135 0))"
Cebada,AGC_053,8.54,Calpulalpan,Tlaxcala,ENTRENAMIENTO,"POLYGON Z ((-98.520475 19.561099 0, -98.522965 19.558782 0, -98.524103 19.560313 0, -98.521782 19.563089 0, -98.520475 19.561099 0))"
Cebada,AGC_117,5.68,Calpulalpan,Tlaxcala,ENTRENAMIENTO,"POLYGON Z ((-98.519638 19.559774 0, -98.521823 19.557613 0, -98.522777 19.558937 0, -98.520439 19.561096 0, -98.519638 19.559774 0))"
Cebada,AGC_087,5.66,Calpulalpan,Tlaxcala,PREDICCION,"POLYGON Z ((-98.537249 19.549039 0, -98.537295 19.548781 0, -98.537377 19.548524 0, -98.537538 19.548206 0, -98.537805 19.547783 0, -98.538104 19.547412 0, -98.540799 19.548583 0, -98.539399 19.549901 0, -98.537249 19.549039 0))"
Cebada,AGC_054,2.01,Calpulalpan,Tlaxcala,ENTRENAMIENTO,"POLYGON Z ((-98.537138 19.547155 0, -98.537864 19.547383 0, -98.537624 19.547663 0, -98.537471 19.547876 0, -98.537272 19.548176 0, -98.537113 19.548507 0, -98.536993 19.548934 0, -98.536383 19.548797 0, -98.535623 19.548599 0, -98.536066 19.548191 0, -98.536528 19.547799 0, -98.537138 19.547155 0))"
Cebada,AGC_145,8.33,Calpulalpan,Tlaxcala,ENTRENAMIENTO,"POLYGON Z ((-98.596925 19.550238 0, -98.595845 19.551864 0, -98.594729 19.551286 0, -98.592133 19.550206 0, -98.592297 19.549861 0, -98.592311 19.549741 0, -98.592359 19.549671 0, -98.592449 19.549586 0, -98.592587 19.549516 0, -98.592742 19.549492 0, -98.592856 19.549513 0, -98.593013 19.549565 0, -98.593141 19.549567 0, -98.593239 19.549542 0, -98.593324 19.549494 0, -98.593415 19.549411 0, -98.593463 19.54931 0, -98.593542 19.54923 0, -98.593693 19.549139 0, -98.593822 19.549104 0, -98.593909 19.549069 0, -98.594 19.548975 0, -98.594116 19.548892 0, -98.596925 19.550238 0))"
Cebada,AGC_123,8.01,Calpulalpan,Tlaxcala,ENTRENAMIENTO,"POLYGON Z ((-98.597737 19.549111 0, -98.600585 19.551666 0, -98.600634 19.551784 0, -98.600623 19.552031 0, -98.60065 19.552215 0, -98.600711 19.552363 0, -98.600839 19.552529 0, -98.600945 19.552626 0, -98.601056 19.552681 0, -98.60022 19.553396 0, -98.598401 19.551791 0, -98.596871 19.550397 0, -98.597737 19.549111 0))"
Cebada,AGC_170,8.13,Calpulalpan,Tlaxcala,ENTRENAMIENTO,"POLYGON Z ((-98.52343 19.608445 0, -98.524863 19.60722 0, -98.527446 19.609923 0, -98.526034 19.611137 0, -98.52343 19.608445 0))"
Cebada,AGC_086,4.73,Calpulalpan,Tlaxcala,PREDICCION,"POLYGON Z ((-98.532892 19.584161 0, -98.531876 19.585759 0, -98.530296 19.585633 0, -98.53181 19.582656 0, -98.532892 19.584161 0))"
Cebada,AGC_183,7.85,Calpulalpan,Tlaxcala,PREDICCION,"POLYGON Z ((-98.551465 19.575776 0, -98.547727 19.57514 0, -98.548222 19.573393 0, -98.551961 19.574084 0, -98.551465 19.575776 0))"
Cebada,AGC_164,11.84,Apan,Hidalgo,ENTRENAMIENTO,"POLYGON Z ((-98.524054 19.609234 0, -98.522392 19.612378 0, -98.520493 19.612345 0, -98.521914 19.607322 0, -98.522053 19.606861 0, -98.522467 19.607509 0, -98.523147 19.608275 0, -98.524054 19.609234 0))"
Cebada,AGC_173,3.6,Calpulalpan,Tlaxcala,PREDICCION,"POLYGON Z ((-98.562842 19.595237 0, -98.562058 19.596785 0, -98.560371 19.596036 0, -98.561239 19.594544 0, -98.562842 19.595237 0))"
Cebada,AGC_027,8.46,Calpulalpan,Tlaxcala,PREDICCION,"POLYGON Z ((-98.535756 19.560975 0, -98.536992 19.559364 0, -98.537219 19.559575 0, -98.537548 19.559853 0, -98.537756 19.560112 0, -98.538316 19.561394 0, -98.538406 19.561683 0, -98.538456 19.561862 0, -98.538521 19.562054 0, -98.538636 19.562238 0, -98.538834 19.562372 0, -98.539009 19.56245 0, -98.538913 19.562884 0, -98.538841 19.563485 0, -98.538786 19.564265 0, -98.53686 19.56413 0, -98.537137 19.561769 0, -98.537314 19.56088 0, -98.535756 19.560975 0))"
Cebada,AGC_169,2.51,Calpulalpan,Tlaxcala,ENTRENAMIENTO,"POLYGON Z ((-98.53032 19.590388 0, -98.529402 19.591415 0, -98.52749 19.591307 0, -98.528255 19.590258 0, -98.53032 19.590388 0))"
Cebada,AGC_163,2.57,Calpulalpan,Tlaxcala,ENTRENAMIENTO,"POLYGON Z ((-98.550583 19.564561 0, -98.550279 19.565515 0, -98.548383 19.565171 0, -98.548641 19.563961 0, -98.550583 19.564561 0))"
Cebada,AGC_157,1.18,Calpulalpan,Tlaxcala,ENTRENAMIENTO,"POLYGON Z ((-98.550485 19.564473 0, -98.548732 19.563925 0, -98.549011 19.562854 0, -98.550485 19.564473 0))"
Cebada,AGC_141,3.94,Calpulalpan,Tlaxcala,ENTRENAMIENTO,"POLYGON Z ((-98.551271 19.561877 0, -98.550582 19.564196 0, -98.5491 19.562621 0, -98.549426 19.561471 0, -98.551271 19.561877 0))"
Cebada,AGC_061,7.23,Calpulalpan,Tlaxcala,PREDICCION,"POLYGON Z ((-98.610332 19.532061 0, -98.6114 19.531306 0, -98.611996 19.534477 0, -98.61269 19.537211 0, -98.612993 19.538444 0, -98.612405 19.537471 0, -98.611508 19.53669 0, -98.610332 19.532061 0))"
Cebada,AGC_066,7.15,Calpulalpan,Tlaxcala,ENTRENAMIENTO,"POLYGON Z ((-98.523829 19.598345 0, -98.520612 19.601084 0, -98.519824 19.600319 0, -98.520047 19.599629 0, -98.520467 19.599408 0, -98.522002 19.59827 0, -98.522163 19.598264 0, -98.524142 19.596992 0, -98.524483 19.597355 0, -98.523829 19.598345 0))"
Cebada,AGC_068,3.1,Calpulalpan,Tlaxcala,ENTRENAMIENTO,"POLYGON Z ((-98.524623 19.594108 0, -98.52452 19.59423 0, -98.524507 19.594082 0, -98.524382 19.593834 0, -98.5218 19.591179 0, -98.521862 19.590226 0, -98.521981 19.590238 0, -98.522011 19.59035 0, -98.522083 19.590428 0, -98.52217 19.590447 0, -98.522255 19.590566 0, -98.522265 19.59071 0, -98.522331 19.590841 0, -98.522335 19.591037 0, -98.52246 19.591107 0, -98.522757 19.591143 0, -98.523155 19.591361 0, -98.523261 19.59154 0, -98.523387 19.591693 0, -98.523483 19.591745 0, -98.523594 19.591731 0, -98.523696 19.591806 0, -98.523814 19.592018 0, -98.523825 19.592197 0, -98.523872 19.592334 0, -98.523995 19.592583 0, -98.52406 19.59283 0, -98.52413 19.592966 0, -98.524411 19.593333 0, -98.5246 19.593666 0, -98.524623 19.594108 0))"
Cebada,AGC_071,5.21,Calpulalpan,Tlaxcala,PREDICCION,"POLYGON Z ((-98.533328 19.557929 0, -98.535103 19.558653 0, -98.533164 19.561043 0, -98.532186 19.559396 0, -98.533328 19.557929 0))"
Cebada,AGC_037,2.66,Calpulalpan,Tlaxcala,ENTRENAMIENTO,"POLYGON Z ((-98.531316 19.55715 0, -98.533255 19.557923 0, -98.53212 19.55937 0, -98.53109 19.557645 0, -98.531316 19.55715 0))"
Cebada,AGC_058,7.7,Calpulalpan,Tlaxcala,ENTRENAMIENTO,"POLYGON Z ((-98.537062 19.55906 0, -98.53371 19.55771 0, -98.534871 19.556223 0, -98.538272 19.557567 0, -98.537062 19.55906 0))"
Cebada,AGC_114,6.95,Calpulalpan,Tlaxcala,ENTRENAMIENTO,"POLYGON Z ((-98.576223 19.551353 0, -98.578721 19.55281 0, -98.577383 19.554571 0, -98.575074 19.553201 0, -98.575741 19.552326 0, -98.576223 19.551353 0))"
Cebada,AGC_074,8.54,Calpulalpan,Tlaxcala,ENTRENAMIENTO,"POLYGON Z ((-98.607782 19.525222 0, -98.609185 19.523825 0, -98.610341 19.524808 0, -98.611856 19.526351 0, -98.611792 19.526632 0, -98.611638 19.526755 0, -98.61145 19.526799 0, -98.611092 19.52676 0, -98.610739 19.52695 0, -98.610566 19.527238 0, -98.610369 19.527406 0, -98.610178 19.527529 0, -98.610018 19.527542 0, -98.607782 19.525222 0))"
Cebada,AGC_019,5.65,Calpulalpan,Tlaxcala,ENTRENAMIENTO,"POLYGON Z ((-98.584142 19.584895 0, -98.584817 19.583254 0, -98.58747 19.58431 0, -98.586589 19.585867 0, -98.584142 19.584895 0))"
Cebada,AGC_103,2.48,Calpulalpan,Tlaxcala,ENTRENAMIENTO,"POLYGON Z ((-98.584695 19.583141 0, -98.583988 19.584846 0, -98.582904 19.584404 0, -98.583631 19.582717 0, -98.584695 19.583141 0))"
Cebada,AGC_046,7.92,Calpulalpan,Tlaxcala,ENTRENAMIENTO,"POLYGON Z ((-98.558053 19.552606 0, -98.559878 19.552861 0, -98.559021 19.556353 0, -98.557085 19.556132 0, -98.558053 19.552606 0))"
Cebada,AGC_001,7.61,Calpulalpan,Tlaxcala,ENTRENAMIENTO,"POLYGON Z ((-98.561779 19.544309 0, -98.560919 19.543264 0, -98.560582 19.543116 0, -98.561016 19.541921 0, -98.562065 19.540172 0, -98.563741 19.540922 0, -98.562099 19.543969 0, -98.561868 19.544158 0, -98.561779 19.544309 0))"
